Building wheel...
/home/bmarti44/.cache/glm53-flash/runtime/lib/python3.12/site-packages/setuptools/command/build_py.py:215: _Warning: Package 'exllamav3.exllamav3_ext' is absent from the `packages` configuration.
!!

        ********************************************************************************
        ############################
        # Package would be ignored #
        ############################
        Python recognizes 'exllamav3.exllamav3_ext' as an importable package[^1],
        but it is absent from setuptools' `packages` configuration.

        This leads to an ambiguous overall configuration. If you want to distribute this
        package, please make sure that 'exllamav3.exllamav3_ext' is explicitly added
        to the `packages` configuration field.

        Alternatively, you can also rely on setuptools' discovery methods
        (for example by using `find_namespace_packages(...)`/`find_namespace:`
        instead of `find_packages(...)`/`find:`).

        You can read more about "package discovery" on setuptools documentation page:

        - https://setuptools.pypa.io/en/latest/userguide/package_discovery.html

        If you don't want 'exllamav3.exllamav3_ext' to be distributed and are
        already explicitly excluding 'exllamav3.exllamav3_ext' via
        `find_namespace_packages(...)/find_namespace` or `find_packages(...)/find`,
        you can try to use `exclude_package_data`, or `include-package-data=False` in
        combination with a more fine grained `package-data` configuration.

        You can read more about "package data files" on setuptools documentation page:

        - https://setuptools.pypa.io/en/latest/userguide/datafiles.html


        [^1]: For Python, any directory (with suitable naming) can be imported,
              even if it does not contain any `.py` files.
              On the other hand, currently there is no concept of package data
              directory, all directories are treated like packages.
        ********************************************************************************

!!
  check.warn(importable)
/home/bmarti44/.cache/glm53-flash/runtime/lib/python3.12/site-packages/setuptools/command/build_py.py:215: _Warning: Package 'exllamav3.exllamav3_ext.cache' is absent from the `packages` configuration.
!!

        ********************************************************************************
        ############################
        # Package would be ignored #
        ############################
        Python recognizes 'exllamav3.exllamav3_ext.cache' as an importable package[^1],
        but it is absent from setuptools' `packages` configuration.

        This leads to an ambiguous overall configuration. If you want to distribute this
        package, please make sure that 'exllamav3.exllamav3_ext.cache' is explicitly added
        to the `packages` configuration field.

        Alternatively, you can also rely on setuptools' discovery methods
        (for example by using `find_namespace_packages(...)`/`find_namespace:`
        instead of `find_packages(...)`/`find:`).

        You can read more about "package discovery" on setuptools documentation page:

        - https://setuptools.pypa.io/en/latest/userguide/package_discovery.html

        If you don't want 'exllamav3.exllamav3_ext.cache' to be distributed and are
        already explicitly excluding 'exllamav3.exllamav3_ext.cache' via
        `find_namespace_packages(...)/find_namespace` or `find_packages(...)/find`,
        you can try to use `exclude_package_data`, or `include-package-data=False` in
        combination with a more fine grained `package-data` configuration.

        You can read more about "package data files" on setuptools documentation page:

        - https://setuptools.pypa.io/en/latest/userguide/datafiles.html


        [^1]: For Python, any directory (with suitable naming) can be imported,
              even if it does not contain any `.py` files.
              On the other hand, currently there is no concept of package data
              directory, all directories are treated like packages.
        ********************************************************************************

!!
  check.warn(importable)
/home/bmarti44/.cache/glm53-flash/runtime/lib/python3.12/site-packages/setuptools/command/build_py.py:215: _Warning: Package 'exllamav3.exllamav3_ext.cpu' is absent from the `packages` configuration.
!!

        ********************************************************************************
        ############################
        # Package would be ignored #
        ############################
        Python recognizes 'exllamav3.exllamav3_ext.cpu' as an importable package[^1],
        but it is absent from setuptools' `packages` configuration.

        This leads to an ambiguous overall configuration. If you want to distribute this
        package, please make sure that 'exllamav3.exllamav3_ext.cpu' is explicitly added
        to the `packages` configuration field.

        Alternatively, you can also rely on setuptools' discovery methods
        (for example by using `find_namespace_packages(...)`/`find_namespace:`
        instead of `find_packages(...)`/`find:`).

        You can read more about "package discovery" on setuptools documentation page:

        - https://setuptools.pypa.io/en/latest/userguide/package_discovery.html

        If you don't want 'exllamav3.exllamav3_ext.cpu' to be distributed and are
        already explicitly excluding 'exllamav3.exllamav3_ext.cpu' via
        `find_namespace_packages(...)/find_namespace` or `find_packages(...)/find`,
        you can try to use `exclude_package_data`, or `include-package-data=False` in
        combination with a more fine grained `package-data` configuration.

        You can read more about "package data files" on setuptools documentation page:

        - https://setuptools.pypa.io/en/latest/userguide/datafiles.html


        [^1]: For Python, any directory (with suitable naming) can be imported,
              even if it does not contain any `.py` files.
              On the other hand, currently there is no concept of package data
              directory, all directories are treated like packages.
        ********************************************************************************

!!
  check.warn(importable)
/home/bmarti44/.cache/glm53-flash/runtime/lib/python3.12/site-packages/setuptools/command/build_py.py:215: _Warning: Package 'exllamav3.exllamav3_ext.generator' is absent from the `packages` configuration.
!!

        ********************************************************************************
        ############################
        # Package would be ignored #
        ############################
        Python recognizes 'exllamav3.exllamav3_ext.generator' as an importable package[^1],
        but it is absent from setuptools' `packages` configuration.

        This leads to an ambiguous overall configuration. If you want to distribute this
        package, please make sure that 'exllamav3.exllamav3_ext.generator' is explicitly added
        to the `packages` configuration field.

        Alternatively, you can also rely on setuptools' discovery methods
        (for example by using `find_namespace_packages(...)`/`find_namespace:`
        instead of `find_packages(...)`/`find:`).

        You can read more about "package discovery" on setuptools documentation page:

        - https://setuptools.pypa.io/en/latest/userguide/package_discovery.html

        If you don't want 'exllamav3.exllamav3_ext.generator' to be distributed and are
        already explicitly excluding 'exllamav3.exllamav3_ext.generator' via
        `find_namespace_packages(...)/find_namespace` or `find_packages(...)/find`,
        you can try to use `exclude_package_data`, or `include-package-data=False` in
        combination with a more fine grained `package-data` configuration.

        You can read more about "package data files" on setuptools documentation page:

        - https://setuptools.pypa.io/en/latest/userguide/datafiles.html


        [^1]: For Python, any directory (with suitable naming) can be imported,
              even if it does not contain any `.py` files.
              On the other hand, currently there is no concept of package data
              directory, all directories are treated like packages.
        ********************************************************************************

!!
  check.warn(importable)
/home/bmarti44/.cache/glm53-flash/runtime/lib/python3.12/site-packages/setuptools/command/build_py.py:215: _Warning: Package 'exllamav3.exllamav3_ext.libtorch' is absent from the `packages` configuration.
!!

        ********************************************************************************
        ############################
        # Package would be ignored #
        ############################
        Python recognizes 'exllamav3.exllamav3_ext.libtorch' as an importable package[^1],
        but it is absent from setuptools' `packages` configuration.

        This leads to an ambiguous overall configuration. If you want to distribute this
        package, please make sure that 'exllamav3.exllamav3_ext.libtorch' is explicitly added
        to the `packages` configuration field.

        Alternatively, you can also rely on setuptools' discovery methods
        (for example by using `find_namespace_packages(...)`/`find_namespace:`
        instead of `find_packages(...)`/`find:`).

        You can read more about "package discovery" on setuptools documentation page:

        - https://setuptools.pypa.io/en/latest/userguide/package_discovery.html

        If you don't want 'exllamav3.exllamav3_ext.libtorch' to be distributed and are
        already explicitly excluding 'exllamav3.exllamav3_ext.libtorch' via
        `find_namespace_packages(...)/find_namespace` or `find_packages(...)/find`,
        you can try to use `exclude_package_data`, or `include-package-data=False` in
        combination with a more fine grained `package-data` configuration.

        You can read more about "package data files" on setuptools documentation page:

        - https://setuptools.pypa.io/en/latest/userguide/datafiles.html


        [^1]: For Python, any directory (with suitable naming) can be imported,
              even if it does not contain any `.py` files.
              On the other hand, currently there is no concept of package data
              directory, all directories are treated like packages.
        ********************************************************************************

!!
  check.warn(importable)
/home/bmarti44/.cache/glm53-flash/runtime/lib/python3.12/site-packages/setuptools/command/build_py.py:215: _Warning: Package 'exllamav3.exllamav3_ext.parallel' is absent from the `packages` configuration.
!!

        ********************************************************************************
        ############################
        # Package would be ignored #
        ############################
        Python recognizes 'exllamav3.exllamav3_ext.parallel' as an importable package[^1],
        but it is absent from setuptools' `packages` configuration.

        This leads to an ambiguous overall configuration. If you want to distribute this
        package, please make sure that 'exllamav3.exllamav3_ext.parallel' is explicitly added
        to the `packages` configuration field.

        Alternatively, you can also rely on setuptools' discovery methods
        (for example by using `find_namespace_packages(...)`/`find_namespace:`
        instead of `find_packages(...)`/`find:`).

        You can read more about "package discovery" on setuptools documentation page:

        - https://setuptools.pypa.io/en/latest/userguide/package_discovery.html

        If you don't want 'exllamav3.exllamav3_ext.parallel' to be distributed and are
        already explicitly excluding 'exllamav3.exllamav3_ext.parallel' via
        `find_namespace_packages(...)/find_namespace` or `find_packages(...)/find`,
        you can try to use `exclude_package_data`, or `include-package-data=False` in
        combination with a more fine grained `package-data` configuration.

        You can read more about "package data files" on setuptools documentation page:

        - https://setuptools.pypa.io/en/latest/userguide/datafiles.html


        [^1]: For Python, any directory (with suitable naming) can be imported,
              even if it does not contain any `.py` files.
              On the other hand, currently there is no concept of package data
              directory, all directories are treated like packages.
        ********************************************************************************

!!
  check.warn(importable)
/home/bmarti44/.cache/glm53-flash/runtime/lib/python3.12/site-packages/setuptools/command/build_py.py:215: _Warning: Package 'exllamav3.exllamav3_ext.quant' is absent from the `packages` configuration.
!!

        ********************************************************************************
        ############################
        # Package would be ignored #
        ############################
        Python recognizes 'exllamav3.exllamav3_ext.quant' as an importable package[^1],
        but it is absent from setuptools' `packages` configuration.

        This leads to an ambiguous overall configuration. If you want to distribute this
        package, please make sure that 'exllamav3.exllamav3_ext.quant' is explicitly added
        to the `packages` configuration field.

        Alternatively, you can also rely on setuptools' discovery methods
        (for example by using `find_namespace_packages(...)`/`find_namespace:`
        instead of `find_packages(...)`/`find:`).

        You can read more about "package discovery" on setuptools documentation page:

        - https://setuptools.pypa.io/en/latest/userguide/package_discovery.html

        If you don't want 'exllamav3.exllamav3_ext.quant' to be distributed and are
        already explicitly excluding 'exllamav3.exllamav3_ext.quant' via
        `find_namespace_packages(...)/find_namespace` or `find_packages(...)/find`,
        you can try to use `exclude_package_data`, or `include-package-data=False` in
        combination with a more fine grained `package-data` configuration.

        You can read more about "package data files" on setuptools documentation page:

        - https://setuptools.pypa.io/en/latest/userguide/datafiles.html


        [^1]: For Python, any directory (with suitable naming) can be imported,
              even if it does not contain any `.py` files.
              On the other hand, currently there is no concept of package data
              directory, all directories are treated like packages.
        ********************************************************************************

!!
  check.warn(importable)
/home/bmarti44/.cache/glm53-flash/runtime/lib/python3.12/site-packages/setuptools/command/build_py.py:215: _Warning: Package 'exllamav3.exllamav3_ext.quant.comp_units' is absent from the `packages` configuration.
!!

        ********************************************************************************
        ############################
        # Package would be ignored #
        ############################
        Python recognizes 'exllamav3.exllamav3_ext.quant.comp_units' as an importable package[^1],
        but it is absent from setuptools' `packages` configuration.

        This leads to an ambiguous overall configuration. If you want to distribute this
        package, please make sure that 'exllamav3.exllamav3_ext.quant.comp_units' is explicitly added
        to the `packages` configuration field.

        Alternatively, you can also rely on setuptools' discovery methods
        (for example by using `find_namespace_packages(...)`/`find_namespace:`
        instead of `find_packages(...)`/`find:`).

        You can read more about "package discovery" on setuptools documentation page:

        - https://setuptools.pypa.io/en/latest/userguide/package_discovery.html

        If you don't want 'exllamav3.exllamav3_ext.quant.comp_units' to be distributed and are
        already explicitly excluding 'exllamav3.exllamav3_ext.quant.comp_units' via
        `find_namespace_packages(...)/find_namespace` or `find_packages(...)/find`,
        you can try to use `exclude_package_data`, or `include-package-data=False` in
        combination with a more fine grained `package-data` configuration.

        You can read more about "package data files" on setuptools documentation page:

        - https://setuptools.pypa.io/en/latest/userguide/datafiles.html


        [^1]: For Python, any directory (with suitable naming) can be imported,
              even if it does not contain any `.py` files.
              On the other hand, currently there is no concept of package data
              directory, all directories are treated like packages.
        ********************************************************************************

!!
  check.warn(importable)
/home/bmarti44/.cache/glm53-flash/runtime/lib/python3.12/site-packages/setuptools/command/build_py.py:215: _Warning: Package 'exllamav3.util.hadamard_data' is absent from the `packages` configuration.
!!

        ********************************************************************************
        ############################
        # Package would be ignored #
        ############################
        Python recognizes 'exllamav3.util.hadamard_data' as an importable package[^1],
        but it is absent from setuptools' `packages` configuration.

        This leads to an ambiguous overall configuration. If you want to distribute this
        package, please make sure that 'exllamav3.util.hadamard_data' is explicitly added
        to the `packages` configuration field.

        Alternatively, you can also rely on setuptools' discovery methods
        (for example by using `find_namespace_packages(...)`/`find_namespace:`
        instead of `find_packages(...)`/`find:`).

        You can read more about "package discovery" on setuptools documentation page:

        - https://setuptools.pypa.io/en/latest/userguide/package_discovery.html

        If you don't want 'exllamav3.util.hadamard_data' to be distributed and are
        already explicitly excluding 'exllamav3.util.hadamard_data' via
        `find_namespace_packages(...)/find_namespace` or `find_packages(...)/find`,
        you can try to use `exclude_package_data`, or `include-package-data=False` in
        combination with a more fine grained `package-data` configuration.

        You can read more about "package data files" on setuptools documentation page:

        - https://setuptools.pypa.io/en/latest/userguide/datafiles.html


        [^1]: For Python, any directory (with suitable naming) can be imported,
              even if it does not contain any `.py` files.
              On the other hand, currently there is no concept of package data
              directory, all directories are treated like packages.
        ********************************************************************************

!!
  check.warn(importable)
warning: build_py: byte-compiling is disabled, skipping.

['exllamav3/exllamav3_ext/dsv4_compress.cu', 'exllamav3/exllamav3_ext/activation.cu', 'exllamav3/exllamav3_ext/bindings.cpp', 'exllamav3/exllamav3_ext/hadamard.cpp', 'exllamav3/exllamav3_ext/graph.cu', 'exllamav3/exllamav3_ext/softcap.cu', 'exllamav3/exllamav3_ext/avx2_target.cpp', 'exllamav3/exllamav3_ext/avx512_target.cpp', 'exllamav3/exllamav3_ext/stloader_cu.cu', 'exllamav3/exllamav3_ext/rope.cu', 'exllamav3/exllamav3_ext/triton_kernel.cpp', 'exllamav3/exllamav3_ext/hgemm.cu', 'exllamav3/exllamav3_ext/add.cu', 'exllamav3/exllamav3_ext/hc_mix.cu', 'exllamav3/exllamav3_ext/histogram.cu', 'exllamav3/exllamav3_ext/cuda_host.cpp', 'exllamav3/exllamav3_ext/sam.cpp', 'exllamav3/exllamav3_ext/routing.cu', 'exllamav3/exllamav3_ext/attention.cu', 'exllamav3/exllamav3_ext/dsa_topk.cu', 'exllamav3/exllamav3_ext/stloader.cpp', 'exllamav3/exllamav3_ext/gdn.cu', 'exllamav3/exllamav3_ext/cuda_drv.cpp', 'exllamav3/exllamav3_ext/norm.cu', 'exllamav3/exllamav3_ext/parallel/context.cu', 'exllamav3/exllamav3_ext/parallel/all_reduce_cpu_avx512.cpp', 'exllamav3/exllamav3_ext/parallel/barrier.cu', 'exllamav3/exllamav3_ext/parallel/broadcast.cu', 'exllamav3/exllamav3_ext/parallel/all_reduce_cpu.cu', 'exllamav3/exllamav3_ext/parallel/all_reduce_cpu_avx2.cpp', 'exllamav3/exllamav3_ext/parallel/gather.cu', 'exllamav3/exllamav3_ext/parallel/all_reduce.cu', 'exllamav3/exllamav3_ext/cache/q_cache.cu', 'exllamav3/exllamav3_ext/libtorch/gated_delta_net.cpp', 'exllamav3/exllamav3_ext/libtorch/dsv4_attn.cpp', 'exllamav3/exllamav3_ext/libtorch/linear.cpp', 'exllamav3/exllamav3_ext/libtorch/dsv4_compressor.cpp', 'exllamav3/exllamav3_ext/libtorch/gated_rmsnorm.cpp', 'exllamav3/exllamav3_ext/libtorch/mla_attention.cpp', 'exllamav3/exllamav3_ext/libtorch/attention.cpp', 'exllamav3/exllamav3_ext/libtorch/mlp.cpp', 'exllamav3/exllamav3_ext/libtorch/blocksparse_mlp.cpp', 'exllamav3/exllamav3_ext/cpu/moe_handoff.cu', 'exllamav3/exllamav3_ext/cpu/moe_mul1.cpp', 'exllamav3/exllamav3_ext/generator/gumbel.cu', 'exllamav3/exllamav3_ext/generator/strings.cpp', 'exllamav3/exllamav3_ext/generator/rep_pen.cu', 'exllamav3/exllamav3_ext/generator/sampling_extra.cu', 'exllamav3/exllamav3_ext/generator/cache.cu', 'exllamav3/exllamav3_ext/generator/sampling_fused.cu', 'exllamav3/exllamav3_ext/generator/sampling_basic.cu', 'exllamav3/exllamav3_ext/quant/exl3_devctx.cu', 'exllamav3/exllamav3_ext/quant/quantize.cu', 'exllamav3/exllamav3_ext/quant/util.cu', 'exllamav3/exllamav3_ext/quant/exl3_gemm.cu', 'exllamav3/exllamav3_ext/quant/exl3_gemv.cu', 'exllamav3/exllamav3_ext/quant/hadamard.cu', 'exllamav3/exllamav3_ext/quant/coop_autotune.cu', 'exllamav3/exllamav3_ext/quant/pack.cu', 'exllamav3/exllamav3_ext/quant/exl3_moe.cu', 'exllamav3/exllamav3_ext/quant/exl3_kernel_map.cu', 'exllamav3/exllamav3_ext/quant/exl3_gemv_int8.cu', 'exllamav3/exllamav3_ext/quant/reconstruct.cu', 'exllamav3/exllamav3_ext/quant/comp_units/exl3_moe_inst_k1_cb1.cu', 'exllamav3/exllamav3_ext/quant/comp_units/exl3_comp_unit_5_cb0.cu', 'exllamav3/exllamav3_ext/quant/comp_units/exl3_comp_unit_4_cb0.cu', 'exllamav3/exllamav3_ext/quant/comp_units/exl3_moe_inst_k0_n256_cb2.cu', 'exllamav3/exllamav3_ext/quant/comp_units/exl3_moe_inst_k3_cb2.cu', 'exllamav3/exllamav3_ext/quant/comp_units/exl3_comp_unit_7_cb1.cu', 'exllamav3/exllamav3_ext/quant/comp_units/exl3_moe_inst_k2_cb2.cu', 'exllamav3/exllamav3_ext/quant/comp_units/exl3_moe_inst_k4_cb2.cu', 'exllamav3/exllamav3_ext/quant/comp_units/exl3_moe_inst_k8_cb2.cu', 'exllamav3/exllamav3_ext/quant/comp_units/exl3_gemv_int8_inst_coop_k8.cu', 'exllamav3/exllamav3_ext/quant/comp_units/exl3_gemv_int8_inst_sq_k1.cu', 'exllamav3/exllamav3_ext/quant/comp_units/exl3_moe_inst_k8_cb1.cu', 'exllamav3/exllamav3_ext/quant/comp_units/exl3_comp_unit_7_cb0.cu', 'exllamav3/exllamav3_ext/quant/comp_units/exl3_moe_inst_k6_cb1.cu', 'exllamav3/exllamav3_ext/quant/comp_units/exl3_comp_unit_2_cb2.cu', 'exllamav3/exllamav3_ext/quant/comp_units/quantize_tiles_inst_k3.cu', 'exllamav3/exllamav3_ext/quant/comp_units/quantize_tiles_inst_k1.cu', 'exllamav3/exllamav3_ext/quant/comp_units/exl3_gemv_int8_inst_sq_k5.cu', 'exllamav3/exllamav3_ext/quant/comp_units/quantize_tiles_inst_k5.cu', 'exllamav3/exllamav3_ext/quant/comp_units/exl3_comp_unit_3_cb2.cu', 'exllamav3/exllamav3_ext/quant/comp_units/exl3_comp_unit_1_cb1.cu', 'exllamav3/exllamav3_ext/quant/comp_units/exl3_gemv_int8_inst_sq_k6.cu', 'exllamav3/exllamav3_ext/quant/comp_units/exl3_gemv_int8_inst_coop_k3.cu', 'exllamav3/exllamav3_ext/quant/comp_units/exl3_gemv_int8_inst_sq_k3.cu', 'exllamav3/exllamav3_ext/quant/comp_units/quantize_tiles_inst_k7.cu', 'exllamav3/exllamav3_ext/quant/comp_units/quantize_tiles_inst_k4.cu', 'exllamav3/exllamav3_ext/quant/comp_units/exl3_comp_unit_5_cb1.cu', 'exllamav3/exllamav3_ext/quant/comp_units/exl3_gemv_int8_inst_coop_k7.cu', 'exllamav3/exllamav3_ext/quant/comp_units/exl3_comp_unit_1_cb0.cu', 'exllamav3/exllamav3_ext/quant/comp_units/exl3_moe_inst_k1_cb2.cu', 'exllamav3/exllamav3_ext/quant/comp_units/exl3_gemv_int8_inst_sq_k2.cu', 'exllamav3/exllamav3_ext/quant/comp_units/exl3_comp_unit_3_cb1.cu', 'exllamav3/exllamav3_ext/quant/comp_units/exl3_gemv_int8_inst_coop_k6.cu', 'exllamav3/exllamav3_ext/quant/comp_units/exl3_comp_unit_8_cb1.cu', 'exllamav3/exllamav3_ext/quant/comp_units/exl3_comp_unit_6_cb2.cu', 'exllamav3/exllamav3_ext/quant/comp_units/exl3_comp_unit_1_cb2.cu', 'exllamav3/exllamav3_ext/quant/comp_units/exl3_gemv_int8_inst_coop_k2.cu', 'exllamav3/exllamav3_ext/quant/comp_units/exl3_moe_inst_k0_n128_cb2.cu', 'exllamav3/exllamav3_ext/quant/comp_units/exl3_comp_unit_4_cb2.cu', 'exllamav3/exllamav3_ext/quant/comp_units/quantize_tiles_inst_k2.cu', 'exllamav3/exllamav3_ext/quant/comp_units/quantize_tiles_inst_k6.cu', 'exllamav3/exllamav3_ext/quant/comp_units/exl3_moe_inst_k0_n128_cb1.cu', 'exllamav3/exllamav3_ext/quant/comp_units/exl3_comp_unit_6_cb0.cu', 'exllamav3/exllamav3_ext/quant/comp_units/exl3_moe_inst_k5_cb2.cu', 'exllamav3/exllamav3_ext/quant/comp_units/exl3_moe_inst_k6_cb2.cu', 'exllamav3/exllamav3_ext/quant/comp_units/exl3_gemv_int8_inst_coop_k5.cu', 'exllamav3/exllamav3_ext/quant/comp_units/exl3_moe_inst_k7_cb2.cu', 'exllamav3/exllamav3_ext/quant/comp_units/exl3_moe_inst_k2_cb1.cu', 'exllamav3/exllamav3_ext/quant/comp_units/exl3_comp_unit_6_cb1.cu', 'exllamav3/exllamav3_ext/quant/comp_units/exl3_moe_inst_k5_cb1.cu', 'exllamav3/exllamav3_ext/quant/comp_units/exl3_comp_unit_7_cb2.cu', 'exllamav3/exllamav3_ext/quant/comp_units/exl3_comp_unit_8_cb0.cu', 'exllamav3/exllamav3_ext/quant/comp_units/exl3_moe_inst_k0_n256_cb1.cu', 'exllamav3/exllamav3_ext/quant/comp_units/exl3_moe_inst_k7_cb1.cu', 'exllamav3/exllamav3_ext/quant/comp_units/exl3_moe_inst_k4_cb1.cu', 'exllamav3/exllamav3_ext/quant/comp_units/exl3_gemv_int8_inst_sq_k4.cu', 'exllamav3/exllamav3_ext/quant/comp_units/exl3_comp_unit_3_cb0.cu', 'exllamav3/exllamav3_ext/quant/comp_units/exl3_comp_unit_4_cb1.cu', 'exllamav3/exllamav3_ext/quant/comp_units/exl3_comp_unit_5_cb2.cu', 'exllamav3/exllamav3_ext/quant/comp_units/exl3_comp_unit_2_cb0.cu', 'exllamav3/exllamav3_ext/quant/comp_units/exl3_gemv_int8_inst_coop_k4.cu', 'exllamav3/exllamav3_ext/quant/comp_units/exl3_comp_unit_8_cb2.cu', 'exllamav3/exllamav3_ext/quant/comp_units/exl3_gemv_int8_inst_coop_k1.cu', 'exllamav3/exllamav3_ext/quant/comp_units/quantize_tiles_inst_k8.cu', 'exllamav3/exllamav3_ext/quant/comp_units/exl3_comp_unit_2_cb1.cu', 'exllamav3/exllamav3_ext/quant/comp_units/exl3_moe_inst_k3_cb1.cu']
Version: 1.4.4
[1/129] /usr/local/cuda-13.0/bin/nvcc -MD -MF /home/bmarti44/.cache/glm53-flash/build-source-002/exllamav3/build/temp.linux-aarch64-cpython-312/exllamav3/exllamav3_ext/add.o.d -I/home/bmarti44/.cache/glm53-flash/runtime/lib/python3.12/site-packages/torch/include -I/home/bmarti44/.cache/glm53-flash/runtime/lib/python3.12/site-packages/torch/include/torch/csrc/api/include -I/usr/local/cuda-13.0/include -I/home/bmarti44/.cache/glm53-flash/runtime/include -I/home/bmarti44/.local/share/uv/python/cpython-3.12.13-linux-aarch64-gnu/include/python3.12 -c -c /home/bmarti44/.cache/glm53-flash/build-source-002/exllamav3/exllamav3/exllamav3_ext/add.cu -o /home/bmarti44/.cache/glm53-flash/build-source-002/exllamav3/build/temp.linux-aarch64-cpython-312/exllamav3/exllamav3_ext/add.o -D__CUDA_NO_HALF_OPERATORS__ -D__CUDA_NO_HALF_CONVERSIONS__ -D__CUDA_NO_BFLOAT16_CONVERSIONS__ -D__CUDA_NO_HALF2_OPERATORS__ --expt-relaxed-constexpr --compiler-options ''"'"'-fPIC'"'"'' -lineinfo -O3 --use_fast_math -Xcudafe --diag_suppress=177 -Xcudafe --diag_suppress=20012 -DTORCH_API_INCLUDE_EXTENSION_H -DTORCH_EXTENSION_NAME=exllamav3_ext -gencode=arch=compute_121a,code=sm_121a -std=c++20
[2/129] /usr/local/cuda-13.0/bin/nvcc -MD -MF /home/bmarti44/.cache/glm53-flash/build-source-002/exllamav3/build/temp.linux-aarch64-cpython-312/exllamav3/exllamav3_ext/activation.o.d -I/home/bmarti44/.cache/glm53-flash/runtime/lib/python3.12/site-packages/torch/include -I/home/bmarti44/.cache/glm53-flash/runtime/lib/python3.12/site-packages/torch/include/torch/csrc/api/include -I/usr/local/cuda-13.0/include -I/home/bmarti44/.cache/glm53-flash/runtime/include -I/home/bmarti44/.local/share/uv/python/cpython-3.12.13-linux-aarch64-gnu/include/python3.12 -c -c /home/bmarti44/.cache/glm53-flash/build-source-002/exllamav3/exllamav3/exllamav3_ext/activation.cu -o /home/bmarti44/.cache/glm53-flash/build-source-002/exllamav3/build/temp.linux-aarch64-cpython-312/exllamav3/exllamav3_ext/activation.o -D__CUDA_NO_HALF_OPERATORS__ -D__CUDA_NO_HALF_CONVERSIONS__ -D__CUDA_NO_BFLOAT16_CONVERSIONS__ -D__CUDA_NO_HALF2_OPERATORS__ --expt-relaxed-constexpr --compiler-options ''"'"'-fPIC'"'"'' -lineinfo -O3 --use_fast_math -Xcudafe --diag_suppress=177 -Xcudafe --diag_suppress=20012 -DTORCH_API_INCLUDE_EXTENSION_H -DTORCH_EXTENSION_NAME=exllamav3_ext -gencode=arch=compute_121a,code=sm_121a -std=c++20
[3/129] c++ -MMD -MF /home/bmarti44/.cache/glm53-flash/build-source-002/exllamav3/build/temp.linux-aarch64-cpython-312/exllamav3/exllamav3_ext/avx2_target.o.d -pthread -fno-strict-overflow -Wsign-compare -Wunreachable-code -DNDEBUG -g -O3 -Wall -O3 -fno-omit-frame-pointer -mno-omit-leaf-frame-pointer -fPIC -fPIC -I/home/bmarti44/.cache/glm53-flash/runtime/lib/python3.12/site-packages/torch/include -I/home/bmarti44/.cache/glm53-flash/runtime/lib/python3.12/site-packages/torch/include/torch/csrc/api/include -I/usr/local/cuda-13.0/include -I/home/bmarti44/.cache/glm53-flash/runtime/include -I/home/bmarti44/.local/share/uv/python/cpython-3.12.13-linux-aarch64-gnu/include/python3.12 -c -c /home/bmarti44/.cache/glm53-flash/build-source-002/exllamav3/exllamav3/exllamav3_ext/avx2_target.cpp -o /home/bmarti44/.cache/glm53-flash/build-source-002/exllamav3/build/temp.linux-aarch64-cpython-312/exllamav3/exllamav3_ext/avx2_target.o -Ofast -DTORCH_API_INCLUDE_EXTENSION_H -DTORCH_EXTENSION_NAME=exllamav3_ext -std=c++20
[4/129] c++ -MMD -MF /home/bmarti44/.cache/glm53-flash/build-source-002/exllamav3/build/temp.linux-aarch64-cpython-312/exllamav3/exllamav3_ext/avx512_target.o.d -pthread -fno-strict-overflow -Wsign-compare -Wunreachable-code -DNDEBUG -g -O3 -Wall -O3 -fno-omit-frame-pointer -mno-omit-leaf-frame-pointer -fPIC -fPIC -I/home/bmarti44/.cache/glm53-flash/runtime/lib/python3.12/site-packages/torch/include -I/home/bmarti44/.cache/glm53-flash/runtime/lib/python3.12/site-packages/torch/include/torch/csrc/api/include -I/usr/local/cuda-13.0/include -I/home/bmarti44/.cache/glm53-flash/runtime/include -I/home/bmarti44/.local/share/uv/python/cpython-3.12.13-linux-aarch64-gnu/include/python3.12 -c -c /home/bmarti44/.cache/glm53-flash/build-source-002/exllamav3/exllamav3/exllamav3_ext/avx512_target.cpp -o /home/bmarti44/.cache/glm53-flash/build-source-002/exllamav3/build/temp.linux-aarch64-cpython-312/exllamav3/exllamav3_ext/avx512_target.o -Ofast -DTORCH_API_INCLUDE_EXTENSION_H -DTORCH_EXTENSION_NAME=exllamav3_ext -std=c++20
[5/129] /usr/local/cuda-13.0/bin/nvcc -MD -MF /home/bmarti44/.cache/glm53-flash/build-source-002/exllamav3/build/temp.linux-aarch64-cpython-312/exllamav3/exllamav3_ext/attention.o.d -I/home/bmarti44/.cache/glm53-flash/runtime/lib/python3.12/site-packages/torch/include -I/home/bmarti44/.cache/glm53-flash/runtime/lib/python3.12/site-packages/torch/include/torch/csrc/api/include -I/usr/local/cuda-13.0/include -I/home/bmarti44/.cache/glm53-flash/runtime/include -I/home/bmarti44/.local/share/uv/python/cpython-3.12.13-linux-aarch64-gnu/include/python3.12 -c -c /home/bmarti44/.cache/glm53-flash/build-source-002/exllamav3/exllamav3/exllamav3_ext/attention.cu -o /home/bmarti44/.cache/glm53-flash/build-source-002/exllamav3/build/temp.linux-aarch64-cpython-312/exllamav3/exllamav3_ext/attention.o -D__CUDA_NO_HALF_OPERATORS__ -D__CUDA_NO_HALF_CONVERSIONS__ -D__CUDA_NO_BFLOAT16_CONVERSIONS__ -D__CUDA_NO_HALF2_OPERATORS__ --expt-relaxed-constexpr --compiler-options ''"'"'-fPIC'"'"'' -lineinfo -O3 --use_fast_math -Xcudafe --diag_suppress=177 -Xcudafe --diag_suppress=20012 -DTORCH_API_INCLUDE_EXTENSION_H -DTORCH_EXTENSION_NAME=exllamav3_ext -gencode=arch=compute_121a,code=sm_121a -std=c++20
[6/129] /usr/local/cuda-13.0/bin/nvcc -MD -MF /home/bmarti44/.cache/glm53-flash/build-source-002/exllamav3/build/temp.linux-aarch64-cpython-312/exllamav3/exllamav3_ext/cache/q_cache.o.d -I/home/bmarti44/.cache/glm53-flash/runtime/lib/python3.12/site-packages/torch/include -I/home/bmarti44/.cache/glm53-flash/runtime/lib/python3.12/site-packages/torch/include/torch/csrc/api/include -I/usr/local/cuda-13.0/include -I/home/bmarti44/.cache/glm53-flash/runtime/include -I/home/bmarti44/.local/share/uv/python/cpython-3.12.13-linux-aarch64-gnu/include/python3.12 -c -c /home/bmarti44/.cache/glm53-flash/build-source-002/exllamav3/exllamav3/exllamav3_ext/cache/q_cache.cu -o /home/bmarti44/.cache/glm53-flash/build-source-002/exllamav3/build/temp.linux-aarch64-cpython-312/exllamav3/exllamav3_ext/cache/q_cache.o -D__CUDA_NO_HALF_OPERATORS__ -D__CUDA_NO_HALF_CONVERSIONS__ -D__CUDA_NO_BFLOAT16_CONVERSIONS__ -D__CUDA_NO_HALF2_OPERATORS__ --expt-relaxed-constexpr --compiler-options ''"'"'-fPIC'"'"'' -lineinfo -O3 --use_fast_math -Xcudafe --diag_suppress=177 -Xcudafe --diag_suppress=20012 -DTORCH_API_INCLUDE_EXTENSION_H -DTORCH_EXTENSION_NAME=exllamav3_ext -gencode=arch=compute_121a,code=sm_121a -std=c++20
[7/129] /usr/local/cuda-13.0/bin/nvcc -MD -MF /home/bmarti44/.cache/glm53-flash/build-source-002/exllamav3/build/temp.linux-aarch64-cpython-312/exllamav3/exllamav3_ext/cpu/moe_handoff.o.d -I/home/bmarti44/.cache/glm53-flash/runtime/lib/python3.12/site-packages/torch/include -I/home/bmarti44/.cache/glm53-flash/runtime/lib/python3.12/site-packages/torch/include/torch/csrc/api/include -I/usr/local/cuda-13.0/include -I/home/bmarti44/.cache/glm53-flash/runtime/include -I/home/bmarti44/.local/share/uv/python/cpython-3.12.13-linux-aarch64-gnu/include/python3.12 -c -c /home/bmarti44/.cache/glm53-flash/build-source-002/exllamav3/exllamav3/exllamav3_ext/cpu/moe_handoff.cu -o /home/bmarti44/.cache/glm53-flash/build-source-002/exllamav3/build/temp.linux-aarch64-cpython-312/exllamav3/exllamav3_ext/cpu/moe_handoff.o -D__CUDA_NO_HALF_OPERATORS__ -D__CUDA_NO_HALF_CONVERSIONS__ -D__CUDA_NO_BFLOAT16_CONVERSIONS__ -D__CUDA_NO_HALF2_OPERATORS__ --expt-relaxed-constexpr --compiler-options ''"'"'-fPIC'"'"'' -lineinfo -O3 --use_fast_math -Xcudafe --diag_suppress=177 -Xcudafe --diag_suppress=20012 -DTORCH_API_INCLUDE_EXTENSION_H -DTORCH_EXTENSION_NAME=exllamav3_ext -gencode=arch=compute_121a,code=sm_121a -std=c++20
[8/129] c++ -MMD -MF /home/bmarti44/.cache/glm53-flash/build-source-002/exllamav3/build/temp.linux-aarch64-cpython-312/exllamav3/exllamav3_ext/cpu/moe_mul1.o.d -pthread -fno-strict-overflow -Wsign-compare -Wunreachable-code -DNDEBUG -g -O3 -Wall -O3 -fno-omit-frame-pointer -mno-omit-leaf-frame-pointer -fPIC -fPIC -I/home/bmarti44/.cache/glm53-flash/runtime/lib/python3.12/site-packages/torch/include -I/home/bmarti44/.cache/glm53-flash/runtime/lib/python3.12/site-packages/torch/include/torch/csrc/api/include -I/usr/local/cuda-13.0/include -I/home/bmarti44/.cache/glm53-flash/runtime/include -I/home/bmarti44/.local/share/uv/python/cpython-3.12.13-linux-aarch64-gnu/include/python3.12 -c -c /home/bmarti44/.cache/glm53-flash/build-source-002/exllamav3/exllamav3/exllamav3_ext/cpu/moe_mul1.cpp -o /home/bmarti44/.cache/glm53-flash/build-source-002/exllamav3/build/temp.linux-aarch64-cpython-312/exllamav3/exllamav3_ext/cpu/moe_mul1.o -Ofast -DTORCH_API_INCLUDE_EXTENSION_H -DTORCH_EXTENSION_NAME=exllamav3_ext -std=c++20
[9/129] c++ -MMD -MF /home/bmarti44/.cache/glm53-flash/build-source-002/exllamav3/build/temp.linux-aarch64-cpython-312/exllamav3/exllamav3_ext/cuda_drv.o.d -pthread -fno-strict-overflow -Wsign-compare -Wunreachable-code -DNDEBUG -g -O3 -Wall -O3 -fno-omit-frame-pointer -mno-omit-leaf-frame-pointer -fPIC -fPIC -I/home/bmarti44/.cache/glm53-flash/runtime/lib/python3.12/site-packages/torch/include -I/home/bmarti44/.cache/glm53-flash/runtime/lib/python3.12/site-packages/torch/include/torch/csrc/api/include -I/usr/local/cuda-13.0/include -I/home/bmarti44/.cache/glm53-flash/runtime/include -I/home/bmarti44/.local/share/uv/python/cpython-3.12.13-linux-aarch64-gnu/include/python3.12 -c -c /home/bmarti44/.cache/glm53-flash/build-source-002/exllamav3/exllamav3/exllamav3_ext/cuda_drv.cpp -o /home/bmarti44/.cache/glm53-flash/build-source-002/exllamav3/build/temp.linux-aarch64-cpython-312/exllamav3/exllamav3_ext/cuda_drv.o -Ofast -DTORCH_API_INCLUDE_EXTENSION_H -DTORCH_EXTENSION_NAME=exllamav3_ext -std=c++20
[10/129] c++ -MMD -MF /home/bmarti44/.cache/glm53-flash/build-source-002/exllamav3/build/temp.linux-aarch64-cpython-312/exllamav3/exllamav3_ext/cuda_host.o.d -pthread -fno-strict-overflow -Wsign-compare -Wunreachable-code -DNDEBUG -g -O3 -Wall -O3 -fno-omit-frame-pointer -mno-omit-leaf-frame-pointer -fPIC -fPIC -I/home/bmarti44/.cache/glm53-flash/runtime/lib/python3.12/site-packages/torch/include -I/home/bmarti44/.cache/glm53-flash/runtime/lib/python3.12/site-packages/torch/include/torch/csrc/api/include -I/usr/local/cuda-13.0/include -I/home/bmarti44/.cache/glm53-flash/runtime/include -I/home/bmarti44/.local/share/uv/python/cpython-3.12.13-linux-aarch64-gnu/include/python3.12 -c -c /home/bmarti44/.cache/glm53-flash/build-source-002/exllamav3/exllamav3/exllamav3_ext/cuda_host.cpp -o /home/bmarti44/.cache/glm53-flash/build-source-002/exllamav3/build/temp.linux-aarch64-cpython-312/exllamav3/exllamav3_ext/cuda_host.o -Ofast -DTORCH_API_INCLUDE_EXTENSION_H -DTORCH_EXTENSION_NAME=exllamav3_ext -std=c++20
[11/129] c++ -MMD -MF /home/bmarti44/.cache/glm53-flash/build-source-002/exllamav3/build/temp.linux-aarch64-cpython-312/exllamav3/exllamav3_ext/bindings.o.d -pthread -fno-strict-overflow -Wsign-compare -Wunreachable-code -DNDEBUG -g -O3 -Wall -O3 -fno-omit-frame-pointer -mno-omit-leaf-frame-pointer -fPIC -fPIC -I/home/bmarti44/.cache/glm53-flash/runtime/lib/python3.12/site-packages/torch/include -I/home/bmarti44/.cache/glm53-flash/runtime/lib/python3.12/site-packages/torch/include/torch/csrc/api/include -I/usr/local/cuda-13.0/include -I/home/bmarti44/.cache/glm53-flash/runtime/include -I/home/bmarti44/.local/share/uv/python/cpython-3.12.13-linux-aarch64-gnu/include/python3.12 -c -c /home/bmarti44/.cache/glm53-flash/build-source-002/exllamav3/exllamav3/exllamav3_ext/bindings.cpp -o /home/bmarti44/.cache/glm53-flash/build-source-002/exllamav3/build/temp.linux-aarch64-cpython-312/exllamav3/exllamav3_ext/bindings.o -Ofast -DTORCH_API_INCLUDE_EXTENSION_H -DTORCH_EXTENSION_NAME=exllamav3_ext -std=c++20
In file included from /home/bmarti44/.cache/glm53-flash/build-source-002/exllamav3/exllamav3/exllamav3_ext/bindings.cpp:52:
/home/bmarti44/.cache/glm53-flash/build-source-002/exllamav3/exllamav3/exllamav3_ext/libtorch/gated_delta_net.h: In constructor ‘BC_Mamba2::BC_Mamba2(std::shared_ptr<BC_LinearEXL3>, std::shared_ptr<BC_LinearEXL3>, at::Tensor, at::Tensor, at::Tensor, float, float, int, int, int, int, int, at::Tensor, std::optional<at::Tensor>, std::shared_ptr<BC_GatedRMSNorm>, bool, bool, int)’:
/home/bmarti44/.cache/glm53-flash/build-source-002/exllamav3/exllamav3/exllamav3_ext/libtorch/gated_delta_net.h:277:10: warning: ‘BC_Mamba2::padded_out’ will be initialized after [-Wreorder]
  277 |     bool padded_out;                // o_proj N padded (hidden_size != o_proj->N)
      |          ^~~~~~~~~~
/home/bmarti44/.cache/glm53-flash/build-source-002/exllamav3/exllamav3/exllamav3_ext/libtorch/gated_delta_net.h:266:9: warning:   ‘int BC_Mamba2::dt_first’ [-Wreorder]
  266 |     int dt_first;                   // TP: rank's head offset into the replicated dt section
      |         ^~~~~~~~
/home/bmarti44/.cache/glm53-flash/build-source-002/exllamav3/exllamav3/exllamav3_ext/libtorch/gated_delta_net.h:312:5: warning:   when initialized here [-Wreorder]
  312 |     BC_Mamba2
      |     ^~~~~~~~~
In file included from /home/bmarti44/.cache/glm53-flash/build-source-002/exllamav3/exllamav3/exllamav3_ext/bindings.cpp:60:
/home/bmarti44/.cache/glm53-flash/build-source-002/exllamav3/exllamav3/exllamav3_ext/libtorch/dsv4_attn.h: In constructor ‘BC_DSV4Attention::BC_DSV4Attention(std::shared_ptr<BC_LinearEXL3>, std::shared_ptr<BC_LinearEXL3>, std::shared_ptr<BC_LinearEXL3>, std::shared_ptr<BC_LinearEXL3>, std::shared_ptr<BC_LinearEXL3>, std::optional<at::Tensor>, std::shared_ptr<BC_DSV4Compressor>, std::shared_ptr<BC_DSV4Compressor>, at::Tensor, at::Tensor, at::Tensor, at::Tensor, int, bool, bool, at::Tensor, at::Tensor, at::Tensor, at::Tensor, at::Tensor, at::Tensor, at::Tensor, std::optional<at::Tensor>, std::optional<at::Tensor>, std::optional<at::Tensor>, std::optional<at::Tensor>, std::optional<at::Tensor>, std::optional<at::Tensor>, std::optional<at::Tensor>, std::optional<at::Tensor>, std::optional<at::Tensor>, at::Tensor, at::Tensor, at::Tensor, int, int, int, int, int, int, int, int, int, int, int, int, int, float, float, int, int, std::optional<at::Tensor>, std::optional<at::Tensor>, std::optional<at::Tensor>, std::optional<at::Tensor>, std::optional<at::Tensor>)’:
/home/bmarti44/.cache/glm53-flash/build-source-002/exllamav3/exllamav3/exllamav3_ext/libtorch/dsv4_attn.h:71:19: warning: ‘BC_DSV4Attention::block_h’ will be initialized after [-Wreorder]
   71 |     int n_splits, block_h;
      |                   ^~~~~~~
/home/bmarti44/.cache/glm53-flash/build-source-002/exllamav3/exllamav3/exllamav3_ext/libtorch/dsv4_attn.h:44:31: warning:   ‘std::optional<at::Tensor> BC_DSV4Attention::fan_trellis’ [-Wreorder]
   44 |     c10::optional<at::Tensor> fan_trellis, fan_suh, fan_svh, fan_n, fan_indices;
      |                               ^~~~~~~~~~~
/home/bmarti44/.cache/glm53-flash/build-source-002/exllamav3/exllamav3/exllamav3_ext/libtorch/dsv4_attn.h:102:5: warning:   when initialized here [-Wreorder]
  102 |     BC_DSV4Attention
      |     ^~~~~~~~~~~~~~~~
/home/bmarti44/.cache/glm53-flash/build-source-002/exllamav3/exllamav3/exllamav3_ext/libtorch/dsv4_attn.h: In constructor ‘BC_DSV4BatchAttention::BC_DSV4BatchAttention(std::shared_ptr<BC_LinearEXL3>, std::shared_ptr<BC_LinearEXL3>, std::shared_ptr<BC_LinearEXL3>, std::optional<at::Tensor>, at::Tensor, at::Tensor, at::Tensor, at::Tensor, int, bool, bool, at::Tensor, at::Tensor, at::Tensor, at::Tensor, at::Tensor, int, bool, bool, at::Tensor, at::Tensor, at::Tensor, at::Tensor, at::Tensor, at::Tensor, std::optional<at::Tensor>, std::optional<at::Tensor>, std::optional<at::Tensor>, float, std::optional<at::Tensor>, std::optional<at::Tensor>, std::optional<at::Tensor>, float, at::Tensor, std::optional<at::Tensor>, std::optional<at::Tensor>, std::optional<at::Tensor>, std::optional<at::Tensor>, std::optional<at::Tensor>, std::optional<at::Tensor>, std::optional<at::Tensor>, std::optional<at::Tensor>, std::optional<at::Tensor>, at::Tensor, at::Tensor, int, int, int, int, int, int, int, int, int, int, int, int, int, float, float, int, int, std::optional<at::Tensor>, std::optional<at::Tensor>, std::optional<at::Tensor>, std::optional<at::Tensor>, std::optional<at::Tensor>, int, bool, bool)’:
/home/bmarti44/.cache/glm53-flash/build-source-002/exllamav3/exllamav3/exllamav3_ext/libtorch/dsv4_attn.h:244:19: warning: ‘BC_DSV4BatchAttention::block_h’ will be initialized after [-Wreorder]
  244 |     int n_splits, block_h;
      |                   ^~~~~~~
/home/bmarti44/.cache/glm53-flash/build-source-002/exllamav3/exllamav3/exllamav3_ext/libtorch/dsv4_attn.h:220:31: warning:   ‘std::optional<at::Tensor> BC_DSV4BatchAttention::fan2_trellis’ [-Wreorder]
  220 |     c10::optional<at::Tensor> fan2_trellis, fan2_suh, fan2_svh, fan2_n, fan2_indices;
      |                               ^~~~~~~~~~~~
/home/bmarti44/.cache/glm53-flash/build-source-002/exllamav3/exllamav3/exllamav3_ext/libtorch/dsv4_attn.h:268:5: warning:   when initialized here [-Wreorder]
  268 |     BC_DSV4BatchAttention
      |     ^~~~~~~~~~~~~~~~~~~~~
In file included from /home/bmarti44/.cache/glm53-flash/runtime/lib/python3.12/site-packages/torch/include/torch/csrc/Exceptions.h:13,
                 from /home/bmarti44/.cache/glm53-flash/runtime/lib/python3.12/site-packages/torch/include/torch/csrc/api/include/torch/python.h:12,
                 from /home/bmarti44/.cache/glm53-flash/runtime/lib/python3.12/site-packages/torch/include/torch/extension.h:10,
                 from /home/bmarti44/.cache/glm53-flash/build-source-002/exllamav3/exllamav3/exllamav3_ext/bindings.cpp:3:
/home/bmarti44/.cache/glm53-flash/runtime/lib/python3.12/site-packages/torch/include/pybind11/pybind11.h: In instantiation of ‘class pybind11::class_<TensorLoadJob>’:
/home/bmarti44/.cache/glm53-flash/build-source-002/exllamav3/exllamav3/exllamav3_ext/bindings.cpp:74:49:   required from here
/home/bmarti44/.cache/glm53-flash/runtime/lib/python3.12/site-packages/torch/include/pybind11/pybind11.h:2277:7: warning: ‘pybind11::class_<TensorLoadJob>’ declared with greater visibility than its base ‘pybind11::detail::generic_type’ [-Wattributes]
 2277 | class class_ : public detail::generic_type {
      |       ^~~~~~
/home/bmarti44/.cache/glm53-flash/runtime/lib/python3.12/site-packages/torch/include/pybind11/pybind11.h: In instantiation of ‘class pybind11::class_<ConvRewindJob>’:
/home/bmarti44/.cache/glm53-flash/build-source-002/exllamav3/exllamav3/exllamav3_ext/bindings.cpp:176:49:   required from here
/home/bmarti44/.cache/glm53-flash/runtime/lib/python3.12/site-packages/torch/include/pybind11/pybind11.h:2277:7: warning: ‘pybind11::class_<ConvRewindJob>’ declared with greater visibility than its base ‘pybind11::detail::generic_type’ [-Wattributes]
/home/bmarti44/.cache/glm53-flash/runtime/lib/python3.12/site-packages/torch/include/pybind11/pybind11.h: In instantiation of ‘class pybind11::class_<StateRewindJob>’:
/home/bmarti44/.cache/glm53-flash/build-source-002/exllamav3/exllamav3/exllamav3_ext/bindings.cpp:178:51:   required from here
/home/bmarti44/.cache/glm53-flash/runtime/lib/python3.12/site-packages/torch/include/pybind11/pybind11.h:2277:7: warning: ‘pybind11::class_<StateRewindJob>’ declared with greater visibility than its base ‘pybind11::detail::generic_type’ [-Wattributes]
/home/bmarti44/.cache/glm53-flash/runtime/lib/python3.12/site-packages/torch/include/pybind11/pybind11.h: In instantiation of ‘class pybind11::class_<BC_LinearFP16, std::shared_ptr<BC_LinearFP16> >’:
/home/bmarti44/.cache/glm53-flash/build-source-002/exllamav3/exllamav3/exllamav3_ext/libtorch/linear_bc.h:1:77:   required from here
/home/bmarti44/.cache/glm53-flash/runtime/lib/python3.12/site-packages/torch/include/pybind11/pybind11.h:2277:7: warning: ‘pybind11::class_<BC_LinearFP16, std::shared_ptr<BC_LinearFP16> >’ declared with greater visibility than its base ‘pybind11::detail::generic_type’ [-Wattributes]
/home/bmarti44/.cache/glm53-flash/runtime/lib/python3.12/site-packages/torch/include/pybind11/pybind11.h: In instantiation of ‘class pybind11::class_<BC_LinearEXL3, std::shared_ptr<BC_LinearEXL3> >’:
/home/bmarti44/.cache/glm53-flash/build-source-002/exllamav3/exllamav3/exllamav3_ext/libtorch/linear_bc.h:13:77:   required from here
/home/bmarti44/.cache/glm53-flash/runtime/lib/python3.12/site-packages/torch/include/pybind11/pybind11.h:2277:7: warning: ‘pybind11::class_<BC_LinearEXL3, std::shared_ptr<BC_LinearEXL3> >’ declared with greater visibility than its base ‘pybind11::detail::generic_type’ [-Wattributes]
/home/bmarti44/.cache/glm53-flash/runtime/lib/python3.12/site-packages/torch/include/pybind11/pybind11.h: In instantiation of ‘class pybind11::class_<BC_GatedDeltaNet, std::shared_ptr<BC_GatedDeltaNet> >’:
/home/bmarti44/.cache/glm53-flash/build-source-002/exllamav3/exllamav3/exllamav3_ext/libtorch/gated_delta_net_bc.h:1:86:   required from here
/home/bmarti44/.cache/glm53-flash/runtime/lib/python3.12/site-packages/torch/include/pybind11/pybind11.h:2277:7: warning: ‘pybind11::class_<BC_GatedDeltaNet, std::shared_ptr<BC_GatedDeltaNet> >’ declared with greater visibility than its base ‘pybind11::detail::generic_type’ [-Wattributes]
/home/bmarti44/.cache/glm53-flash/runtime/lib/python3.12/site-packages/torch/include/pybind11/pybind11.h: In instantiation of ‘class pybind11::class_<BC_GatedDeltaNetSplit, std::shared_ptr<BC_GatedDeltaNetSplit> >’:
/home/bmarti44/.cache/glm53-flash/build-source-002/exllamav3/exllamav3/exllamav3_ext/libtorch/gated_delta_net_bc.h:55:101:   required from here
/home/bmarti44/.cache/glm53-flash/runtime/lib/python3.12/site-packages/torch/include/pybind11/pybind11.h:2277:7: warning: ‘pybind11::class_<BC_GatedDeltaNetSplit, std::shared_ptr<BC_GatedDeltaNetSplit> >’ declared with greater visibility than its base ‘pybind11::detail::generic_type’ [-Wattributes]
/home/bmarti44/.cache/glm53-flash/runtime/lib/python3.12/site-packages/torch/include/pybind11/pybind11.h: In instantiation of ‘class pybind11::class_<BC_Mamba2, std::shared_ptr<BC_Mamba2> >’:
/home/bmarti44/.cache/glm53-flash/build-source-002/exllamav3/exllamav3/exllamav3_ext/libtorch/gated_delta_net_bc.h:110:65:   required from here
/home/bmarti44/.cache/glm53-flash/runtime/lib/python3.12/site-packages/torch/include/pybind11/pybind11.h:2277:7: warning: ‘pybind11::class_<BC_Mamba2, std::shared_ptr<BC_Mamba2> >’ declared with greater visibility than its base ‘pybind11::detail::generic_type’ [-Wattributes]
/home/bmarti44/.cache/glm53-flash/runtime/lib/python3.12/site-packages/torch/include/pybind11/pybind11.h: In instantiation of ‘class pybind11::class_<TritonKernel, std::shared_ptr<TritonKernel> >’:
/home/bmarti44/.cache/glm53-flash/build-source-002/exllamav3/exllamav3/exllamav3_ext/libtorch/attention_bc.h:1:74:   required from here
/home/bmarti44/.cache/glm53-flash/runtime/lib/python3.12/site-packages/torch/include/pybind11/pybind11.h:2277:7: warning: ‘pybind11::class_<TritonKernel, std::shared_ptr<TritonKernel> >’ declared with greater visibility than its base ‘pybind11::detail::generic_type’ [-Wattributes]
/home/bmarti44/.cache/glm53-flash/runtime/lib/python3.12/site-packages/torch/include/pybind11/pybind11.h: In instantiation of ‘class pybind11::class_<BC_Attention, std::shared_ptr<BC_Attention> >’:
/home/bmarti44/.cache/glm53-flash/build-source-002/exllamav3/exllamav3/exllamav3_ext/libtorch/attention_bc.h:10:74:   required from here
/home/bmarti44/.cache/glm53-flash/runtime/lib/python3.12/site-packages/torch/include/pybind11/pybind11.h:2277:7: warning: ‘pybind11::class_<BC_Attention, std::shared_ptr<BC_Attention> >’ declared with greater visibility than its base ‘pybind11::detail::generic_type’ [-Wattributes]
/home/bmarti44/.cache/glm53-flash/runtime/lib/python3.12/site-packages/torch/include/pybind11/pybind11.h: In instantiation of ‘class pybind11::class_<BC_MLAttention, std::shared_ptr<BC_MLAttention> >’:
/home/bmarti44/.cache/glm53-flash/build-source-002/exllamav3/exllamav3/exllamav3_ext/libtorch/mla_attention_bc.h:1:80:   required from here
/home/bmarti44/.cache/glm53-flash/runtime/lib/python3.12/site-packages/torch/include/pybind11/pybind11.h:2277:7: warning: ‘pybind11::class_<BC_MLAttention, std::shared_ptr<BC_MLAttention> >’ declared with greater visibility than its base ‘pybind11::detail::generic_type’ [-Wattributes]
/home/bmarti44/.cache/glm53-flash/runtime/lib/python3.12/site-packages/torch/include/pybind11/pybind11.h: In instantiation of ‘class pybind11::class_<BC_GatedRMSNorm, std::shared_ptr<BC_GatedRMSNorm> >’:
/home/bmarti44/.cache/glm53-flash/build-source-002/exllamav3/exllamav3/exllamav3_ext/libtorch/gated_rmsnorm_bc.h:1:83:   required from here
/home/bmarti44/.cache/glm53-flash/runtime/lib/python3.12/site-packages/torch/include/pybind11/pybind11.h:2277:7: warning: ‘pybind11::class_<BC_GatedRMSNorm, std::shared_ptr<BC_GatedRMSNorm> >’ declared with greater visibility than its base ‘pybind11::detail::generic_type’ [-Wattributes]
/home/bmarti44/.cache/glm53-flash/runtime/lib/python3.12/site-packages/torch/include/pybind11/pybind11.h: In instantiation of ‘class pybind11::class_<BC_GatedMLP, std::shared_ptr<BC_GatedMLP> >’:
/home/bmarti44/.cache/glm53-flash/build-source-002/exllamav3/exllamav3/exllamav3_ext/libtorch/mlp_bc.h:1:71:   required from here
/home/bmarti44/.cache/glm53-flash/runtime/lib/python3.12/site-packages/torch/include/pybind11/pybind11.h:2277:7: warning: ‘pybind11::class_<BC_GatedMLP, std::shared_ptr<BC_GatedMLP> >’ declared with greater visibility than its base ‘pybind11::detail::generic_type’ [-Wattributes]
/home/bmarti44/.cache/glm53-flash/runtime/lib/python3.12/site-packages/torch/include/pybind11/pybind11.h: In instantiation of ‘class pybind11::class_<BC_MLP, std::shared_ptr<BC_MLP> >’:
/home/bmarti44/.cache/glm53-flash/build-source-002/exllamav3/exllamav3/exllamav3_ext/libtorch/mlp_bc.h:42:56:   required from here
/home/bmarti44/.cache/glm53-flash/runtime/lib/python3.12/site-packages/torch/include/pybind11/pybind11.h:2277:7: warning: ‘pybind11::class_<BC_MLP, std::shared_ptr<BC_MLP> >’ declared with greater visibility than its base ‘pybind11::detail::generic_type’ [-Wattributes]
/home/bmarti44/.cache/glm53-flash/runtime/lib/python3.12/site-packages/torch/include/pybind11/pybind11.h: In instantiation of ‘class pybind11::class_<BC_BlockSparseMLP, std::shared_ptr<BC_BlockSparseMLP> >’:
/home/bmarti44/.cache/glm53-flash/build-source-002/exllamav3/exllamav3/exllamav3_ext/libtorch/blocksparse_mlp_bc.h:1:89:   required from here
/home/bmarti44/.cache/glm53-flash/runtime/lib/python3.12/site-packages/torch/include/pybind11/pybind11.h:2277:7: warning: ‘pybind11::class_<BC_BlockSparseMLP, std::shared_ptr<BC_BlockSparseMLP> >’ declared with greater visibility than its base ‘pybind11::detail::generic_type’ [-Wattributes]
/home/bmarti44/.cache/glm53-flash/runtime/lib/python3.12/site-packages/torch/include/pybind11/pybind11.h: In instantiation of ‘class pybind11::class_<BC_DSV4Compressor, std::shared_ptr<BC_DSV4Compressor> >’:
/home/bmarti44/.cache/glm53-flash/build-source-002/exllamav3/exllamav3/exllamav3_ext/libtorch/dsv4_compressor_bc.h:1:89:   required from here
/home/bmarti44/.cache/glm53-flash/runtime/lib/python3.12/site-packages/torch/include/pybind11/pybind11.h:2277:7: warning: ‘pybind11::class_<BC_DSV4Compressor, std::shared_ptr<BC_DSV4Compressor> >’ declared with greater visibility than its base ‘pybind11::detail::generic_type’ [-Wattributes]
/home/bmarti44/.cache/glm53-flash/runtime/lib/python3.12/site-packages/torch/include/pybind11/pybind11.h: In instantiation of ‘class pybind11::class_<BC_DSV4Attention, std::shared_ptr<BC_DSV4Attention> >’:
/home/bmarti44/.cache/glm53-flash/build-source-002/exllamav3/exllamav3/exllamav3_ext/libtorch/dsv4_attn_bc.h:1:86:   required from here
/home/bmarti44/.cache/glm53-flash/runtime/lib/python3.12/site-packages/torch/include/pybind11/pybind11.h:2277:7: warning: ‘pybind11::class_<BC_DSV4Attention, std::shared_ptr<BC_DSV4Attention> >’ declared with greater visibility than its base ‘pybind11::detail::generic_type’ [-Wattributes]
/home/bmarti44/.cache/glm53-flash/runtime/lib/python3.12/site-packages/torch/include/pybind11/pybind11.h: In instantiation of ‘class pybind11::class_<BC_DSV4BatchAttention, std::shared_ptr<BC_DSV4BatchAttention> >’:
/home/bmarti44/.cache/glm53-flash/build-source-002/exllamav3/exllamav3/exllamav3_ext/libtorch/dsv4_attn_bc.h:25:101:   required from here
/home/bmarti44/.cache/glm53-flash/runtime/lib/python3.12/site-packages/torch/include/pybind11/pybind11.h:2277:7: warning: ‘pybind11::class_<BC_DSV4BatchAttention, std::shared_ptr<BC_DSV4BatchAttention> >’ declared with greater visibility than its base ‘pybind11::detail::generic_type’ [-Wattributes]
/home/bmarti44/.cache/glm53-flash/runtime/lib/python3.12/site-packages/torch/include/pybind11/pybind11.h: In instantiation of ‘class pybind11::class_<BC_SAM, std::shared_ptr<BC_SAM> >’:
/home/bmarti44/.cache/glm53-flash/build-source-002/exllamav3/exllamav3/exllamav3_ext/sam_bc.h:1:56:   required from here
/home/bmarti44/.cache/glm53-flash/runtime/lib/python3.12/site-packages/torch/include/pybind11/pybind11.h:2277:7: warning: ‘pybind11::class_<BC_SAM, std::shared_ptr<BC_SAM> >’ declared with greater visibility than its base ‘pybind11::detail::generic_type’ [-Wattributes]
/home/bmarti44/.cache/glm53-flash/runtime/lib/python3.12/site-packages/torch/include/pybind11/pybind11.h: In instantiation of ‘pybind11::class_< <template-parameter-1-1>, <template-parameter-1-2> >::class_(pybind11::handle, const char*, const Extra& ...) [with Extra = {}; type_ = TensorLoadJob; options = {}]’:
/home/bmarti44/.cache/glm53-flash/build-source-002/exllamav3/exllamav3/exllamav3_ext/bindings.cpp:74:49:   required from here
/home/bmarti44/.cache/glm53-flash/runtime/lib/python3.12/site-packages/torch/include/pybind11/pybind11.h:2375:28: warning: ‘pybind11::class_<TensorLoadJob>::class_<>(pybind11::handle, const char*)::<lambda(pybind11::detail::internals&)>’ declared with greater visibility than the type of its field ‘pybind11::class_<TensorLoadJob>::class_<>(pybind11::handle, const char*)::<lambda(pybind11::detail::internals&)>::<record capture>’ [-Wattributes]
 2375 |             with_internals([&](internals &internals) {
      |                            ^~~~~~~~~~~~~~~~~~~~~~~~~~~
 2376 |                 auto &local_internals = get_local_internals();
      |                 ~~~~~~~~~~~~~~~~~~~~~~~~~~~~~~~~~~~~~~~~~~~~~~
 2377 |                 if (record.module_local) {
      |                 ~~~~~~~~~~~~~~~~~~~~~~~~~~
 2378 |                     local_internals.registered_types_cpp[&typeid(type_alias)]
      |                     ~~~~~~~~~~~~~~~~~~~~~~~~~~~~~~~~~~~~~~~~~~~~~~~~~~~~~~~~~
 2379 |                         = local_internals.registered_types_cpp[&typeid(type)];
      |                         ~~~~~~~~~~~~~~~~~~~~~~~~~~~~~~~~~~~~~~~~~~~~~~~~~~~~~~
 2380 |                 } else {
      |                 ~~~~~~~~    
 2381 |                     type_info *const val
      |                     ~~~~~~~~~~~~~~~~~~~~
 2382 |                         = internals.registered_types_cpp[std::type_index(typeid(type))];
      |                         ~~~~~~~~~~~~~~~~~~~~~~~~~~~~~~~~~~~~~~~~~~~~~~~~~~~~~~~~~~~~~~~~
 2383 |                     internals.registered_types_cpp[std::type_index(typeid(type_alias))] = val;
      |                     ~~~~~~~~~~~~~~~~~~~~~~~~~~~~~~~~~~~~~~~~~~~~~~~~~~~~~~~~~~~~~~~~~~~~~~~~~~
 2384 | #if PYBIND11_INTERNALS_VERSION >= 12
      | ~~~~~~~~~~~~~~~~~~~~~~~~~~~~~~~~~~~~
 2385 |                     internals.registered_types_cpp_fast[&typeid(type_alias)] = val;
      |                     ~~~~~~~~~~~~~~~~~~~~~~~~~~~~~~~~~~~~~~~~~~~~~~~~~~~~~~~~~~~~~~~
 2386 | #endif
      | ~~~~~~                      
 2387 |                 }
      |                 ~           
 2388 |             });
      |             ~               
/home/bmarti44/.cache/glm53-flash/runtime/lib/python3.12/site-packages/torch/include/pybind11/pybind11.h: In instantiation of ‘pybind11::class_< <template-parameter-1-1>, <template-parameter-1-2> >::class_(pybind11::handle, const char*, const Extra& ...) [with Extra = {}; type_ = ConvRewindJob; options = {}]’:
/home/bmarti44/.cache/glm53-flash/build-source-002/exllamav3/exllamav3/exllamav3_ext/bindings.cpp:176:49:   required from here
/home/bmarti44/.cache/glm53-flash/runtime/lib/python3.12/site-packages/torch/include/pybind11/pybind11.h:2375:28: warning: ‘pybind11::class_<ConvRewindJob>::class_<>(pybind11::handle, const char*)::<lambda(pybind11::detail::internals&)>’ declared with greater visibility than the type of its field ‘pybind11::class_<ConvRewindJob>::class_<>(pybind11::handle, const char*)::<lambda(pybind11::detail::internals&)>::<record capture>’ [-Wattributes]
/home/bmarti44/.cache/glm53-flash/runtime/lib/python3.12/site-packages/torch/include/pybind11/pybind11.h: In instantiation of ‘pybind11::class_< <template-parameter-1-1>, <template-parameter-1-2> >::class_(pybind11::handle, const char*, const Extra& ...) [with Extra = {}; type_ = StateRewindJob; options = {}]’:
/home/bmarti44/.cache/glm53-flash/build-source-002/exllamav3/exllamav3/exllamav3_ext/bindings.cpp:178:51:   required from here
/home/bmarti44/.cache/glm53-flash/runtime/lib/python3.12/site-packages/torch/include/pybind11/pybind11.h:2375:28: warning: ‘pybind11::class_<StateRewindJob>::class_<>(pybind11::handle, const char*)::<lambda(pybind11::detail::internals&)>’ declared with greater visibility than the type of its field ‘pybind11::class_<StateRewindJob>::class_<>(pybind11::handle, const char*)::<lambda(pybind11::detail::internals&)>::<record capture>’ [-Wattributes]
/home/bmarti44/.cache/glm53-flash/runtime/lib/python3.12/site-packages/torch/include/pybind11/pybind11.h: In instantiation of ‘pybind11::class_< <template-parameter-1-1>, <template-parameter-1-2> >::class_(pybind11::handle, const char*, const Extra& ...) [with Extra = {}; type_ = BC_LinearFP16; options = {std::shared_ptr<BC_LinearFP16>}]’:
/home/bmarti44/.cache/glm53-flash/build-source-002/exllamav3/exllamav3/exllamav3_ext/libtorch/linear_bc.h:1:77:   required from here
/home/bmarti44/.cache/glm53-flash/runtime/lib/python3.12/site-packages/torch/include/pybind11/pybind11.h:2375:28: warning: ‘pybind11::class_<BC_LinearFP16, std::shared_ptr<BC_LinearFP16> >::class_<>(pybind11::handle, const char*)::<lambda(pybind11::detail::internals&)>’ declared with greater visibility than the type of its field ‘pybind11::class_<BC_LinearFP16, std::shared_ptr<BC_LinearFP16> >::class_<>(pybind11::handle, const char*)::<lambda(pybind11::detail::internals&)>::<record capture>’ [-Wattributes]
/home/bmarti44/.cache/glm53-flash/runtime/lib/python3.12/site-packages/torch/include/pybind11/pybind11.h: In instantiation of ‘pybind11::class_< <template-parameter-1-1>, <template-parameter-1-2> >::class_(pybind11::handle, const char*, const Extra& ...) [with Extra = {}; type_ = BC_LinearEXL3; options = {std::shared_ptr<BC_LinearEXL3>}]’:
/home/bmarti44/.cache/glm53-flash/build-source-002/exllamav3/exllamav3/exllamav3_ext/libtorch/linear_bc.h:13:77:   required from here
/home/bmarti44/.cache/glm53-flash/runtime/lib/python3.12/site-packages/torch/include/pybind11/pybind11.h:2375:28: warning: ‘pybind11::class_<BC_LinearEXL3, std::shared_ptr<BC_LinearEXL3> >::class_<>(pybind11::handle, const char*)::<lambda(pybind11::detail::internals&)>’ declared with greater visibility than the type of its field ‘pybind11::class_<BC_LinearEXL3, std::shared_ptr<BC_LinearEXL3> >::class_<>(pybind11::handle, const char*)::<lambda(pybind11::detail::internals&)>::<record capture>’ [-Wattributes]
/home/bmarti44/.cache/glm53-flash/runtime/lib/python3.12/site-packages/torch/include/pybind11/pybind11.h: In instantiation of ‘pybind11::class_< <template-parameter-1-1>, <template-parameter-1-2> >::class_(pybind11::handle, const char*, const Extra& ...) [with Extra = {}; type_ = BC_GatedDeltaNet; options = {std::shared_ptr<BC_GatedDeltaNet>}]’:
/home/bmarti44/.cache/glm53-flash/build-source-002/exllamav3/exllamav3/exllamav3_ext/libtorch/gated_delta_net_bc.h:1:86:   required from here
/home/bmarti44/.cache/glm53-flash/runtime/lib/python3.12/site-packages/torch/include/pybind11/pybind11.h:2375:28: warning: ‘pybind11::class_<BC_GatedDeltaNet, std::shared_ptr<BC_GatedDeltaNet> >::class_<>(pybind11::handle, const char*)::<lambda(pybind11::detail::internals&)>’ declared with greater visibility than the type of its field ‘pybind11::class_<BC_GatedDeltaNet, std::shared_ptr<BC_GatedDeltaNet> >::class_<>(pybind11::handle, const char*)::<lambda(pybind11::detail::internals&)>::<record capture>’ [-Wattributes]
/home/bmarti44/.cache/glm53-flash/runtime/lib/python3.12/site-packages/torch/include/pybind11/pybind11.h: In instantiation of ‘pybind11::class_< <template-parameter-1-1>, <template-parameter-1-2> >::class_(pybind11::handle, const char*, const Extra& ...) [with Extra = {}; type_ = BC_GatedDeltaNetSplit; options = {std::shared_ptr<BC_GatedDeltaNetSplit>}]’:
/home/bmarti44/.cache/glm53-flash/build-source-002/exllamav3/exllamav3/exllamav3_ext/libtorch/gated_delta_net_bc.h:55:101:   required from here
/home/bmarti44/.cache/glm53-flash/runtime/lib/python3.12/site-packages/torch/include/pybind11/pybind11.h:2375:28: warning: ‘pybind11::class_<BC_GatedDeltaNetSplit, std::shared_ptr<BC_GatedDeltaNetSplit> >::class_<>(pybind11::handle, const char*)::<lambda(pybind11::detail::internals&)>’ declared with greater visibility than the type of its field ‘pybind11::class_<BC_GatedDeltaNetSplit, std::shared_ptr<BC_GatedDeltaNetSplit> >::class_<>(pybind11::handle, const char*)::<lambda(pybind11::detail::internals&)>::<record capture>’ [-Wattributes]
/home/bmarti44/.cache/glm53-flash/runtime/lib/python3.12/site-packages/torch/include/pybind11/pybind11.h: In instantiation of ‘pybind11::class_< <template-parameter-1-1>, <template-parameter-1-2> >::class_(pybind11::handle, const char*, const Extra& ...) [with Extra = {}; type_ = BC_Mamba2; options = {std::shared_ptr<BC_Mamba2>}]’:
/home/bmarti44/.cache/glm53-flash/build-source-002/exllamav3/exllamav3/exllamav3_ext/libtorch/gated_delta_net_bc.h:110:65:   required from here
/home/bmarti44/.cache/glm53-flash/runtime/lib/python3.12/site-packages/torch/include/pybind11/pybind11.h:2375:28: warning: ‘pybind11::class_<BC_Mamba2, std::shared_ptr<BC_Mamba2> >::class_<>(pybind11::handle, const char*)::<lambda(pybind11::detail::internals&)>’ declared with greater visibility than the type of its field ‘pybind11::class_<BC_Mamba2, std::shared_ptr<BC_Mamba2> >::class_<>(pybind11::handle, const char*)::<lambda(pybind11::detail::internals&)>::<record capture>’ [-Wattributes]
/home/bmarti44/.cache/glm53-flash/runtime/lib/python3.12/site-packages/torch/include/pybind11/pybind11.h: In instantiation of ‘pybind11::class_< <template-parameter-1-1>, <template-parameter-1-2> >::class_(pybind11::handle, const char*, const Extra& ...) [with Extra = {}; type_ = TritonKernel; options = {std::shared_ptr<TritonKernel>}]’:
/home/bmarti44/.cache/glm53-flash/build-source-002/exllamav3/exllamav3/exllamav3_ext/libtorch/attention_bc.h:1:74:   required from here
/home/bmarti44/.cache/glm53-flash/runtime/lib/python3.12/site-packages/torch/include/pybind11/pybind11.h:2375:28: warning: ‘pybind11::class_<TritonKernel, std::shared_ptr<TritonKernel> >::class_<>(pybind11::handle, const char*)::<lambda(pybind11::detail::internals&)>’ declared with greater visibility than the type of its field ‘pybind11::class_<TritonKernel, std::shared_ptr<TritonKernel> >::class_<>(pybind11::handle, const char*)::<lambda(pybind11::detail::internals&)>::<record capture>’ [-Wattributes]
/home/bmarti44/.cache/glm53-flash/runtime/lib/python3.12/site-packages/torch/include/pybind11/pybind11.h: In instantiation of ‘pybind11::class_< <template-parameter-1-1>, <template-parameter-1-2> >::class_(pybind11::handle, const char*, const Extra& ...) [with Extra = {}; type_ = BC_Attention; options = {std::shared_ptr<BC_Attention>}]’:
/home/bmarti44/.cache/glm53-flash/build-source-002/exllamav3/exllamav3/exllamav3_ext/libtorch/attention_bc.h:10:74:   required from here
/home/bmarti44/.cache/glm53-flash/runtime/lib/python3.12/site-packages/torch/include/pybind11/pybind11.h:2375:28: warning: ‘pybind11::class_<BC_Attention, std::shared_ptr<BC_Attention> >::class_<>(pybind11::handle, const char*)::<lambda(pybind11::detail::internals&)>’ declared with greater visibility than the type of its field ‘pybind11::class_<BC_Attention, std::shared_ptr<BC_Attention> >::class_<>(pybind11::handle, const char*)::<lambda(pybind11::detail::internals&)>::<record capture>’ [-Wattributes]
/home/bmarti44/.cache/glm53-flash/runtime/lib/python3.12/site-packages/torch/include/pybind11/pybind11.h: In instantiation of ‘pybind11::class_< <template-parameter-1-1>, <template-parameter-1-2> >::class_(pybind11::handle, const char*, const Extra& ...) [with Extra = {}; type_ = BC_MLAttention; options = {std::shared_ptr<BC_MLAttention>}]’:
/home/bmarti44/.cache/glm53-flash/build-source-002/exllamav3/exllamav3/exllamav3_ext/libtorch/mla_attention_bc.h:1:80:   required from here
/home/bmarti44/.cache/glm53-flash/runtime/lib/python3.12/site-packages/torch/include/pybind11/pybind11.h:2375:28: warning: ‘pybind11::class_<BC_MLAttention, std::shared_ptr<BC_MLAttention> >::class_<>(pybind11::handle, const char*)::<lambda(pybind11::detail::internals&)>’ declared with greater visibility than the type of its field ‘pybind11::class_<BC_MLAttention, std::shared_ptr<BC_MLAttention> >::class_<>(pybind11::handle, const char*)::<lambda(pybind11::detail::internals&)>::<record capture>’ [-Wattributes]
/home/bmarti44/.cache/glm53-flash/runtime/lib/python3.12/site-packages/torch/include/pybind11/pybind11.h: In instantiation of ‘pybind11::class_< <template-parameter-1-1>, <template-parameter-1-2> >::class_(pybind11::handle, const char*, const Extra& ...) [with Extra = {}; type_ = BC_GatedRMSNorm; options = {std::shared_ptr<BC_GatedRMSNorm>}]’:
/home/bmarti44/.cache/glm53-flash/build-source-002/exllamav3/exllamav3/exllamav3_ext/libtorch/gated_rmsnorm_bc.h:1:83:   required from here
/home/bmarti44/.cache/glm53-flash/runtime/lib/python3.12/site-packages/torch/include/pybind11/pybind11.h:2375:28: warning: ‘pybind11::class_<BC_GatedRMSNorm, std::shared_ptr<BC_GatedRMSNorm> >::class_<>(pybind11::handle, const char*)::<lambda(pybind11::detail::internals&)>’ declared with greater visibility than the type of its field ‘pybind11::class_<BC_GatedRMSNorm, std::shared_ptr<BC_GatedRMSNorm> >::class_<>(pybind11::handle, const char*)::<lambda(pybind11::detail::internals&)>::<record capture>’ [-Wattributes]
/home/bmarti44/.cache/glm53-flash/runtime/lib/python3.12/site-packages/torch/include/pybind11/pybind11.h: In instantiation of ‘pybind11::class_< <template-parameter-1-1>, <template-parameter-1-2> >::class_(pybind11::handle, const char*, const Extra& ...) [with Extra = {}; type_ = BC_GatedMLP; options = {std::shared_ptr<BC_GatedMLP>}]’:
/home/bmarti44/.cache/glm53-flash/build-source-002/exllamav3/exllamav3/exllamav3_ext/libtorch/mlp_bc.h:1:71:   required from here
/home/bmarti44/.cache/glm53-flash/runtime/lib/python3.12/site-packages/torch/include/pybind11/pybind11.h:2375:28: warning: ‘pybind11::class_<BC_GatedMLP, std::shared_ptr<BC_GatedMLP> >::class_<>(pybind11::handle, const char*)::<lambda(pybind11::detail::internals&)>’ declared with greater visibility than the type of its field ‘pybind11::class_<BC_GatedMLP, std::shared_ptr<BC_GatedMLP> >::class_<>(pybind11::handle, const char*)::<lambda(pybind11::detail::internals&)>::<record capture>’ [-Wattributes]
/home/bmarti44/.cache/glm53-flash/runtime/lib/python3.12/site-packages/torch/include/pybind11/pybind11.h: In instantiation of ‘pybind11::class_< <template-parameter-1-1>, <template-parameter-1-2> >::class_(pybind11::handle, const char*, const Extra& ...) [with Extra = {}; type_ = BC_MLP; options = {std::shared_ptr<BC_MLP>}]’:
/home/bmarti44/.cache/glm53-flash/build-source-002/exllamav3/exllamav3/exllamav3_ext/libtorch/mlp_bc.h:42:56:   required from here
/home/bmarti44/.cache/glm53-flash/runtime/lib/python3.12/site-packages/torch/include/pybind11/pybind11.h:2375:28: warning: ‘pybind11::class_<BC_MLP, std::shared_ptr<BC_MLP> >::class_<>(pybind11::handle, const char*)::<lambda(pybind11::detail::internals&)>’ declared with greater visibility than the type of its field ‘pybind11::class_<BC_MLP, std::shared_ptr<BC_MLP> >::class_<>(pybind11::handle, const char*)::<lambda(pybind11::detail::internals&)>::<record capture>’ [-Wattributes]
/home/bmarti44/.cache/glm53-flash/runtime/lib/python3.12/site-packages/torch/include/pybind11/pybind11.h: In instantiation of ‘pybind11::class_< <template-parameter-1-1>, <template-parameter-1-2> >::class_(pybind11::handle, const char*, const Extra& ...) [with Extra = {}; type_ = BC_BlockSparseMLP; options = {std::shared_ptr<BC_BlockSparseMLP>}]’:
/home/bmarti44/.cache/glm53-flash/build-source-002/exllamav3/exllamav3/exllamav3_ext/libtorch/blocksparse_mlp_bc.h:1:89:   required from here
/home/bmarti44/.cache/glm53-flash/runtime/lib/python3.12/site-packages/torch/include/pybind11/pybind11.h:2375:28: warning: ‘pybind11::class_<BC_BlockSparseMLP, std::shared_ptr<BC_BlockSparseMLP> >::class_<>(pybind11::handle, const char*)::<lambda(pybind11::detail::internals&)>’ declared with greater visibility than the type of its field ‘pybind11::class_<BC_BlockSparseMLP, std::shared_ptr<BC_BlockSparseMLP> >::class_<>(pybind11::handle, const char*)::<lambda(pybind11::detail::internals&)>::<record capture>’ [-Wattributes]
/home/bmarti44/.cache/glm53-flash/runtime/lib/python3.12/site-packages/torch/include/pybind11/pybind11.h: In instantiation of ‘pybind11::class_< <template-parameter-1-1>, <template-parameter-1-2> >::class_(pybind11::handle, const char*, const Extra& ...) [with Extra = {}; type_ = BC_DSV4Compressor; options = {std::shared_ptr<BC_DSV4Compressor>}]’:
/home/bmarti44/.cache/glm53-flash/build-source-002/exllamav3/exllamav3/exllamav3_ext/libtorch/dsv4_compressor_bc.h:1:89:   required from here
/home/bmarti44/.cache/glm53-flash/runtime/lib/python3.12/site-packages/torch/include/pybind11/pybind11.h:2375:28: warning: ‘pybind11::class_<BC_DSV4Compressor, std::shared_ptr<BC_DSV4Compressor> >::class_<>(pybind11::handle, const char*)::<lambda(pybind11::detail::internals&)>’ declared with greater visibility than the type of its field ‘pybind11::class_<BC_DSV4Compressor, std::shared_ptr<BC_DSV4Compressor> >::class_<>(pybind11::handle, const char*)::<lambda(pybind11::detail::internals&)>::<record capture>’ [-Wattributes]
/home/bmarti44/.cache/glm53-flash/runtime/lib/python3.12/site-packages/torch/include/pybind11/pybind11.h: In instantiation of ‘pybind11::class_< <template-parameter-1-1>, <template-parameter-1-2> >::class_(pybind11::handle, const char*, const Extra& ...) [with Extra = {}; type_ = BC_DSV4Attention; options = {std::shared_ptr<BC_DSV4Attention>}]’:
/home/bmarti44/.cache/glm53-flash/build-source-002/exllamav3/exllamav3/exllamav3_ext/libtorch/dsv4_attn_bc.h:1:86:   required from here
/home/bmarti44/.cache/glm53-flash/runtime/lib/python3.12/site-packages/torch/include/pybind11/pybind11.h:2375:28: warning: ‘pybind11::class_<BC_DSV4Attention, std::shared_ptr<BC_DSV4Attention> >::class_<>(pybind11::handle, const char*)::<lambda(pybind11::detail::internals&)>’ declared with greater visibility than the type of its field ‘pybind11::class_<BC_DSV4Attention, std::shared_ptr<BC_DSV4Attention> >::class_<>(pybind11::handle, const char*)::<lambda(pybind11::detail::internals&)>::<record capture>’ [-Wattributes]
/home/bmarti44/.cache/glm53-flash/runtime/lib/python3.12/site-packages/torch/include/pybind11/pybind11.h: In instantiation of ‘pybind11::class_< <template-parameter-1-1>, <template-parameter-1-2> >::class_(pybind11::handle, const char*, const Extra& ...) [with Extra = {}; type_ = BC_DSV4BatchAttention; options = {std::shared_ptr<BC_DSV4BatchAttention>}]’:
/home/bmarti44/.cache/glm53-flash/build-source-002/exllamav3/exllamav3/exllamav3_ext/libtorch/dsv4_attn_bc.h:25:101:   required from here
/home/bmarti44/.cache/glm53-flash/runtime/lib/python3.12/site-packages/torch/include/pybind11/pybind11.h:2375:28: warning: ‘pybind11::class_<BC_DSV4BatchAttention, std::shared_ptr<BC_DSV4BatchAttention> >::class_<>(pybind11::handle, const char*)::<lambda(pybind11::detail::internals&)>’ declared with greater visibility than the type of its field ‘pybind11::class_<BC_DSV4BatchAttention, std::shared_ptr<BC_DSV4BatchAttention> >::class_<>(pybind11::handle, const char*)::<lambda(pybind11::detail::internals&)>::<record capture>’ [-Wattributes]
/home/bmarti44/.cache/glm53-flash/runtime/lib/python3.12/site-packages/torch/include/pybind11/pybind11.h: In instantiation of ‘pybind11::class_< <template-parameter-1-1>, <template-parameter-1-2> >::class_(pybind11::handle, const char*, const Extra& ...) [with Extra = {}; type_ = BC_SAM; options = {std::shared_ptr<BC_SAM>}]’:
/home/bmarti44/.cache/glm53-flash/build-source-002/exllamav3/exllamav3/exllamav3_ext/sam_bc.h:1:56:   required from here
/home/bmarti44/.cache/glm53-flash/runtime/lib/python3.12/site-packages/torch/include/pybind11/pybind11.h:2375:28: warning: ‘pybind11::class_<BC_SAM, std::shared_ptr<BC_SAM> >::class_<>(pybind11::handle, const char*)::<lambda(pybind11::detail::internals&)>’ declared with greater visibility than the type of its field ‘pybind11::class_<BC_SAM, std::shared_ptr<BC_SAM> >::class_<>(pybind11::handle, const char*)::<lambda(pybind11::detail::internals&)>::<record capture>’ [-Wattributes]
[12/129] /usr/local/cuda-13.0/bin/nvcc -MD -MF /home/bmarti44/.cache/glm53-flash/build-source-002/exllamav3/build/temp.linux-aarch64-cpython-312/exllamav3/exllamav3_ext/dsa_topk.o.d -I/home/bmarti44/.cache/glm53-flash/runtime/lib/python3.12/site-packages/torch/include -I/home/bmarti44/.cache/glm53-flash/runtime/lib/python3.12/site-packages/torch/include/torch/csrc/api/include -I/usr/local/cuda-13.0/include -I/home/bmarti44/.cache/glm53-flash/runtime/include -I/home/bmarti44/.local/share/uv/python/cpython-3.12.13-linux-aarch64-gnu/include/python3.12 -c -c /home/bmarti44/.cache/glm53-flash/build-source-002/exllamav3/exllamav3/exllamav3_ext/dsa_topk.cu -o /home/bmarti44/.cache/glm53-flash/build-source-002/exllamav3/build/temp.linux-aarch64-cpython-312/exllamav3/exllamav3_ext/dsa_topk.o -D__CUDA_NO_HALF_OPERATORS__ -D__CUDA_NO_HALF_CONVERSIONS__ -D__CUDA_NO_BFLOAT16_CONVERSIONS__ -D__CUDA_NO_HALF2_OPERATORS__ --expt-relaxed-constexpr --compiler-options ''"'"'-fPIC'"'"'' -lineinfo -O3 --use_fast_math -Xcudafe --diag_suppress=177 -Xcudafe --diag_suppress=20012 -DTORCH_API_INCLUDE_EXTENSION_H -DTORCH_EXTENSION_NAME=exllamav3_ext -gencode=arch=compute_121a,code=sm_121a -std=c++20
[13/129] /usr/local/cuda-13.0/bin/nvcc -MD -MF /home/bmarti44/.cache/glm53-flash/build-source-002/exllamav3/build/temp.linux-aarch64-cpython-312/exllamav3/exllamav3_ext/dsv4_compress.o.d -I/home/bmarti44/.cache/glm53-flash/runtime/lib/python3.12/site-packages/torch/include -I/home/bmarti44/.cache/glm53-flash/runtime/lib/python3.12/site-packages/torch/include/torch/csrc/api/include -I/usr/local/cuda-13.0/include -I/home/bmarti44/.cache/glm53-flash/runtime/include -I/home/bmarti44/.local/share/uv/python/cpython-3.12.13-linux-aarch64-gnu/include/python3.12 -c -c /home/bmarti44/.cache/glm53-flash/build-source-002/exllamav3/exllamav3/exllamav3_ext/dsv4_compress.cu -o /home/bmarti44/.cache/glm53-flash/build-source-002/exllamav3/build/temp.linux-aarch64-cpython-312/exllamav3/exllamav3_ext/dsv4_compress.o -D__CUDA_NO_HALF_OPERATORS__ -D__CUDA_NO_HALF_CONVERSIONS__ -D__CUDA_NO_BFLOAT16_CONVERSIONS__ -D__CUDA_NO_HALF2_OPERATORS__ --expt-relaxed-constexpr --compiler-options ''"'"'-fPIC'"'"'' -lineinfo -O3 --use_fast_math -Xcudafe --diag_suppress=177 -Xcudafe --diag_suppress=20012 -DTORCH_API_INCLUDE_EXTENSION_H -DTORCH_EXTENSION_NAME=exllamav3_ext -gencode=arch=compute_121a,code=sm_121a -std=c++20
[14/129] /usr/local/cuda-13.0/bin/nvcc -MD -MF /home/bmarti44/.cache/glm53-flash/build-source-002/exllamav3/build/temp.linux-aarch64-cpython-312/exllamav3/exllamav3_ext/gdn.o.d -I/home/bmarti44/.cache/glm53-flash/runtime/lib/python3.12/site-packages/torch/include -I/home/bmarti44/.cache/glm53-flash/runtime/lib/python3.12/site-packages/torch/include/torch/csrc/api/include -I/usr/local/cuda-13.0/include -I/home/bmarti44/.cache/glm53-flash/runtime/include -I/home/bmarti44/.local/share/uv/python/cpython-3.12.13-linux-aarch64-gnu/include/python3.12 -c -c /home/bmarti44/.cache/glm53-flash/build-source-002/exllamav3/exllamav3/exllamav3_ext/gdn.cu -o /home/bmarti44/.cache/glm53-flash/build-source-002/exllamav3/build/temp.linux-aarch64-cpython-312/exllamav3/exllamav3_ext/gdn.o -D__CUDA_NO_HALF_OPERATORS__ -D__CUDA_NO_HALF_CONVERSIONS__ -D__CUDA_NO_BFLOAT16_CONVERSIONS__ -D__CUDA_NO_HALF2_OPERATORS__ --expt-relaxed-constexpr --compiler-options ''"'"'-fPIC'"'"'' -lineinfo -O3 --use_fast_math -Xcudafe --diag_suppress=177 -Xcudafe --diag_suppress=20012 -DTORCH_API_INCLUDE_EXTENSION_H -DTORCH_EXTENSION_NAME=exllamav3_ext -gencode=arch=compute_121a,code=sm_121a -std=c++20
[15/129] /usr/local/cuda-13.0/bin/nvcc -MD -MF /home/bmarti44/.cache/glm53-flash/build-source-002/exllamav3/build/temp.linux-aarch64-cpython-312/exllamav3/exllamav3_ext/generator/cache.o.d -I/home/bmarti44/.cache/glm53-flash/runtime/lib/python3.12/site-packages/torch/include -I/home/bmarti44/.cache/glm53-flash/runtime/lib/python3.12/site-packages/torch/include/torch/csrc/api/include -I/usr/local/cuda-13.0/include -I/home/bmarti44/.cache/glm53-flash/runtime/include -I/home/bmarti44/.local/share/uv/python/cpython-3.12.13-linux-aarch64-gnu/include/python3.12 -c -c /home/bmarti44/.cache/glm53-flash/build-source-002/exllamav3/exllamav3/exllamav3_ext/generator/cache.cu -o /home/bmarti44/.cache/glm53-flash/build-source-002/exllamav3/build/temp.linux-aarch64-cpython-312/exllamav3/exllamav3_ext/generator/cache.o -D__CUDA_NO_HALF_OPERATORS__ -D__CUDA_NO_HALF_CONVERSIONS__ -D__CUDA_NO_BFLOAT16_CONVERSIONS__ -D__CUDA_NO_HALF2_OPERATORS__ --expt-relaxed-constexpr --compiler-options ''"'"'-fPIC'"'"'' -lineinfo -O3 --use_fast_math -Xcudafe --diag_suppress=177 -Xcudafe --diag_suppress=20012 -DTORCH_API_INCLUDE_EXTENSION_H -DTORCH_EXTENSION_NAME=exllamav3_ext -gencode=arch=compute_121a,code=sm_121a -std=c++20
[16/129] /usr/local/cuda-13.0/bin/nvcc -MD -MF /home/bmarti44/.cache/glm53-flash/build-source-002/exllamav3/build/temp.linux-aarch64-cpython-312/exllamav3/exllamav3_ext/generator/gumbel.o.d -I/home/bmarti44/.cache/glm53-flash/runtime/lib/python3.12/site-packages/torch/include -I/home/bmarti44/.cache/glm53-flash/runtime/lib/python3.12/site-packages/torch/include/torch/csrc/api/include -I/usr/local/cuda-13.0/include -I/home/bmarti44/.cache/glm53-flash/runtime/include -I/home/bmarti44/.local/share/uv/python/cpython-3.12.13-linux-aarch64-gnu/include/python3.12 -c -c /home/bmarti44/.cache/glm53-flash/build-source-002/exllamav3/exllamav3/exllamav3_ext/generator/gumbel.cu -o /home/bmarti44/.cache/glm53-flash/build-source-002/exllamav3/build/temp.linux-aarch64-cpython-312/exllamav3/exllamav3_ext/generator/gumbel.o -D__CUDA_NO_HALF_OPERATORS__ -D__CUDA_NO_HALF_CONVERSIONS__ -D__CUDA_NO_BFLOAT16_CONVERSIONS__ -D__CUDA_NO_HALF2_OPERATORS__ --expt-relaxed-constexpr --compiler-options ''"'"'-fPIC'"'"'' -lineinfo -O3 --use_fast_math -Xcudafe --diag_suppress=177 -Xcudafe --diag_suppress=20012 -DTORCH_API_INCLUDE_EXTENSION_H -DTORCH_EXTENSION_NAME=exllamav3_ext -gencode=arch=compute_121a,code=sm_121a -std=c++20
[17/129] /usr/local/cuda-13.0/bin/nvcc -MD -MF /home/bmarti44/.cache/glm53-flash/build-source-002/exllamav3/build/temp.linux-aarch64-cpython-312/exllamav3/exllamav3_ext/generator/rep_pen.o.d -I/home/bmarti44/.cache/glm53-flash/runtime/lib/python3.12/site-packages/torch/include -I/home/bmarti44/.cache/glm53-flash/runtime/lib/python3.12/site-packages/torch/include/torch/csrc/api/include -I/usr/local/cuda-13.0/include -I/home/bmarti44/.cache/glm53-flash/runtime/include -I/home/bmarti44/.local/share/uv/python/cpython-3.12.13-linux-aarch64-gnu/include/python3.12 -c -c /home/bmarti44/.cache/glm53-flash/build-source-002/exllamav3/exllamav3/exllamav3_ext/generator/rep_pen.cu -o /home/bmarti44/.cache/glm53-flash/build-source-002/exllamav3/build/temp.linux-aarch64-cpython-312/exllamav3/exllamav3_ext/generator/rep_pen.o -D__CUDA_NO_HALF_OPERATORS__ -D__CUDA_NO_HALF_CONVERSIONS__ -D__CUDA_NO_BFLOAT16_CONVERSIONS__ -D__CUDA_NO_HALF2_OPERATORS__ --expt-relaxed-constexpr --compiler-options ''"'"'-fPIC'"'"'' -lineinfo -O3 --use_fast_math -Xcudafe --diag_suppress=177 -Xcudafe --diag_suppress=20012 -DTORCH_API_INCLUDE_EXTENSION_H -DTORCH_EXTENSION_NAME=exllamav3_ext -gencode=arch=compute_121a,code=sm_121a -std=c++20
/home/bmarti44/.cache/glm53-flash/build-source-002/exllamav3/exllamav3/exllamav3_ext/generator/rep_pen.cu:11: warning: "CLAMP" redefined
   11 | #define CLAMP(x, min, max) ((x) < (min) ? (min) : ((x) > (max) ? (max) : (x)))
      | 
In file included from /home/bmarti44/.cache/glm53-flash/build-source-002/exllamav3/exllamav3/exllamav3_ext/generator/rep_pen.cu:6:
/home/bmarti44/.cache/glm53-flash/build-source-002/exllamav3/exllamav3/exllamav3_ext/generator/../util.cuh:69: note: this is the location of the previous definition
   69 | #define CLAMP(__x, __min, __max) fmaxf(__min, fminf(__x, __max))
      | 
/home/bmarti44/.cache/glm53-flash/build-source-002/exllamav3/exllamav3/exllamav3_ext/generator/rep_pen.cu:11: warning: "CLAMP" redefined
   11 | #define CLAMP(x, min, max) ((x) < (min) ? (min) : ((x) > (max) ? (max) : (x)))
      | 
In file included from /home/bmarti44/.cache/glm53-flash/build-source-002/exllamav3/exllamav3/exllamav3_ext/generator/rep_pen.cu:6:
/home/bmarti44/.cache/glm53-flash/build-source-002/exllamav3/exllamav3/exllamav3_ext/generator/../util.cuh:69: note: this is the location of the previous definition
   69 | #define CLAMP(__x, __min, __max) fmaxf(__min, fminf(__x, __max))
      | 
[18/129] /usr/local/cuda-13.0/bin/nvcc -MD -MF /home/bmarti44/.cache/glm53-flash/build-source-002/exllamav3/build/temp.linux-aarch64-cpython-312/exllamav3/exllamav3_ext/generator/sampling_basic.o.d -I/home/bmarti44/.cache/glm53-flash/runtime/lib/python3.12/site-packages/torch/include -I/home/bmarti44/.cache/glm53-flash/runtime/lib/python3.12/site-packages/torch/include/torch/csrc/api/include -I/usr/local/cuda-13.0/include -I/home/bmarti44/.cache/glm53-flash/runtime/include -I/home/bmarti44/.local/share/uv/python/cpython-3.12.13-linux-aarch64-gnu/include/python3.12 -c -c /home/bmarti44/.cache/glm53-flash/build-source-002/exllamav3/exllamav3/exllamav3_ext/generator/sampling_basic.cu -o /home/bmarti44/.cache/glm53-flash/build-source-002/exllamav3/build/temp.linux-aarch64-cpython-312/exllamav3/exllamav3_ext/generator/sampling_basic.o -D__CUDA_NO_HALF_OPERATORS__ -D__CUDA_NO_HALF_CONVERSIONS__ -D__CUDA_NO_BFLOAT16_CONVERSIONS__ -D__CUDA_NO_HALF2_OPERATORS__ --expt-relaxed-constexpr --compiler-options ''"'"'-fPIC'"'"'' -lineinfo -O3 --use_fast_math -Xcudafe --diag_suppress=177 -Xcudafe --diag_suppress=20012 -DTORCH_API_INCLUDE_EXTENSION_H -DTORCH_EXTENSION_NAME=exllamav3_ext -gencode=arch=compute_121a,code=sm_121a -std=c++20
[19/129] /usr/local/cuda-13.0/bin/nvcc -MD -MF /home/bmarti44/.cache/glm53-flash/build-source-002/exllamav3/build/temp.linux-aarch64-cpython-312/exllamav3/exllamav3_ext/generator/sampling_extra.o.d -I/home/bmarti44/.cache/glm53-flash/runtime/lib/python3.12/site-packages/torch/include -I/home/bmarti44/.cache/glm53-flash/runtime/lib/python3.12/site-packages/torch/include/torch/csrc/api/include -I/usr/local/cuda-13.0/include -I/home/bmarti44/.cache/glm53-flash/runtime/include -I/home/bmarti44/.local/share/uv/python/cpython-3.12.13-linux-aarch64-gnu/include/python3.12 -c -c /home/bmarti44/.cache/glm53-flash/build-source-002/exllamav3/exllamav3/exllamav3_ext/generator/sampling_extra.cu -o /home/bmarti44/.cache/glm53-flash/build-source-002/exllamav3/build/temp.linux-aarch64-cpython-312/exllamav3/exllamav3_ext/generator/sampling_extra.o -D__CUDA_NO_HALF_OPERATORS__ -D__CUDA_NO_HALF_CONVERSIONS__ -D__CUDA_NO_BFLOAT16_CONVERSIONS__ -D__CUDA_NO_HALF2_OPERATORS__ --expt-relaxed-constexpr --compiler-options ''"'"'-fPIC'"'"'' -lineinfo -O3 --use_fast_math -Xcudafe --diag_suppress=177 -Xcudafe --diag_suppress=20012 -DTORCH_API_INCLUDE_EXTENSION_H -DTORCH_EXTENSION_NAME=exllamav3_ext -gencode=arch=compute_121a,code=sm_121a -std=c++20
[20/129] /usr/local/cuda-13.0/bin/nvcc -MD -MF /home/bmarti44/.cache/glm53-flash/build-source-002/exllamav3/build/temp.linux-aarch64-cpython-312/exllamav3/exllamav3_ext/generator/sampling_fused.o.d -I/home/bmarti44/.cache/glm53-flash/runtime/lib/python3.12/site-packages/torch/include -I/home/bmarti44/.cache/glm53-flash/runtime/lib/python3.12/site-packages/torch/include/torch/csrc/api/include -I/usr/local/cuda-13.0/include -I/home/bmarti44/.cache/glm53-flash/runtime/include -I/home/bmarti44/.local/share/uv/python/cpython-3.12.13-linux-aarch64-gnu/include/python3.12 -c -c /home/bmarti44/.cache/glm53-flash/build-source-002/exllamav3/exllamav3/exllamav3_ext/generator/sampling_fused.cu -o /home/bmarti44/.cache/glm53-flash/build-source-002/exllamav3/build/temp.linux-aarch64-cpython-312/exllamav3/exllamav3_ext/generator/sampling_fused.o -D__CUDA_NO_HALF_OPERATORS__ -D__CUDA_NO_HALF_CONVERSIONS__ -D__CUDA_NO_BFLOAT16_CONVERSIONS__ -D__CUDA_NO_HALF2_OPERATORS__ --expt-relaxed-constexpr --compiler-options ''"'"'-fPIC'"'"'' -lineinfo -O3 --use_fast_math -Xcudafe --diag_suppress=177 -Xcudafe --diag_suppress=20012 -DTORCH_API_INCLUDE_EXTENSION_H -DTORCH_EXTENSION_NAME=exllamav3_ext -gencode=arch=compute_121a,code=sm_121a -std=c++20
[21/129] c++ -MMD -MF /home/bmarti44/.cache/glm53-flash/build-source-002/exllamav3/build/temp.linux-aarch64-cpython-312/exllamav3/exllamav3_ext/generator/strings.o.d -pthread -fno-strict-overflow -Wsign-compare -Wunreachable-code -DNDEBUG -g -O3 -Wall -O3 -fno-omit-frame-pointer -mno-omit-leaf-frame-pointer -fPIC -fPIC -I/home/bmarti44/.cache/glm53-flash/runtime/lib/python3.12/site-packages/torch/include -I/home/bmarti44/.cache/glm53-flash/runtime/lib/python3.12/site-packages/torch/include/torch/csrc/api/include -I/usr/local/cuda-13.0/include -I/home/bmarti44/.cache/glm53-flash/runtime/include -I/home/bmarti44/.local/share/uv/python/cpython-3.12.13-linux-aarch64-gnu/include/python3.12 -c -c /home/bmarti44/.cache/glm53-flash/build-source-002/exllamav3/exllamav3/exllamav3_ext/generator/strings.cpp -o /home/bmarti44/.cache/glm53-flash/build-source-002/exllamav3/build/temp.linux-aarch64-cpython-312/exllamav3/exllamav3_ext/generator/strings.o -Ofast -DTORCH_API_INCLUDE_EXTENSION_H -DTORCH_EXTENSION_NAME=exllamav3_ext -std=c++20
[22/129] c++ -MMD -MF /home/bmarti44/.cache/glm53-flash/build-source-002/exllamav3/build/temp.linux-aarch64-cpython-312/exllamav3/exllamav3_ext/hadamard.o.d -pthread -fno-strict-overflow -Wsign-compare -Wunreachable-code -DNDEBUG -g -O3 -Wall -O3 -fno-omit-frame-pointer -mno-omit-leaf-frame-pointer -fPIC -fPIC -I/home/bmarti44/.cache/glm53-flash/runtime/lib/python3.12/site-packages/torch/include -I/home/bmarti44/.cache/glm53-flash/runtime/lib/python3.12/site-packages/torch/include/torch/csrc/api/include -I/usr/local/cuda-13.0/include -I/home/bmarti44/.cache/glm53-flash/runtime/include -I/home/bmarti44/.local/share/uv/python/cpython-3.12.13-linux-aarch64-gnu/include/python3.12 -c -c /home/bmarti44/.cache/glm53-flash/build-source-002/exllamav3/exllamav3/exllamav3_ext/hadamard.cpp -o /home/bmarti44/.cache/glm53-flash/build-source-002/exllamav3/build/temp.linux-aarch64-cpython-312/exllamav3/exllamav3_ext/hadamard.o -Ofast -DTORCH_API_INCLUDE_EXTENSION_H -DTORCH_EXTENSION_NAME=exllamav3_ext -std=c++20
[23/129] /usr/local/cuda-13.0/bin/nvcc -MD -MF /home/bmarti44/.cache/glm53-flash/build-source-002/exllamav3/build/temp.linux-aarch64-cpython-312/exllamav3/exllamav3_ext/graph.o.d -I/home/bmarti44/.cache/glm53-flash/runtime/lib/python3.12/site-packages/torch/include -I/home/bmarti44/.cache/glm53-flash/runtime/lib/python3.12/site-packages/torch/include/torch/csrc/api/include -I/usr/local/cuda-13.0/include -I/home/bmarti44/.cache/glm53-flash/runtime/include -I/home/bmarti44/.local/share/uv/python/cpython-3.12.13-linux-aarch64-gnu/include/python3.12 -c -c /home/bmarti44/.cache/glm53-flash/build-source-002/exllamav3/exllamav3/exllamav3_ext/graph.cu -o /home/bmarti44/.cache/glm53-flash/build-source-002/exllamav3/build/temp.linux-aarch64-cpython-312/exllamav3/exllamav3_ext/graph.o -D__CUDA_NO_HALF_OPERATORS__ -D__CUDA_NO_HALF_CONVERSIONS__ -D__CUDA_NO_BFLOAT16_CONVERSIONS__ -D__CUDA_NO_HALF2_OPERATORS__ --expt-relaxed-constexpr --compiler-options ''"'"'-fPIC'"'"'' -lineinfo -O3 --use_fast_math -Xcudafe --diag_suppress=177 -Xcudafe --diag_suppress=20012 -DTORCH_API_INCLUDE_EXTENSION_H -DTORCH_EXTENSION_NAME=exllamav3_ext -gencode=arch=compute_121a,code=sm_121a -std=c++20
/home/bmarti44/.cache/glm53-flash/build-source-002/exllamav3/exllamav3/exllamav3_ext/graph.cu: In member function ‘void Graph::inspect_graph()’:
/home/bmarti44/.cache/glm53-flash/build-source-002/exllamav3/exllamav3/exllamav3_ext/graph.cu:195:8: warning: format ‘%i’ expects argument of type ‘int’, but argument 3 has type ‘std::vector<CUgraphNode_st*>::size_type’ {aka ‘long unsigned int’} [-Wformat=]
  195 |     DBGI(nodes.size());
      |        ^~~~~~~~~~                              
      |                                              |
      |                                              std::vector<CUgraphNode_st*>::size_type {aka long unsigned int}
[24/129] /usr/local/cuda-13.0/bin/nvcc -MD -MF /home/bmarti44/.cache/glm53-flash/build-source-002/exllamav3/build/temp.linux-aarch64-cpython-312/exllamav3/exllamav3_ext/hc_mix.o.d -I/home/bmarti44/.cache/glm53-flash/runtime/lib/python3.12/site-packages/torch/include -I/home/bmarti44/.cache/glm53-flash/runtime/lib/python3.12/site-packages/torch/include/torch/csrc/api/include -I/usr/local/cuda-13.0/include -I/home/bmarti44/.cache/glm53-flash/runtime/include -I/home/bmarti44/.local/share/uv/python/cpython-3.12.13-linux-aarch64-gnu/include/python3.12 -c -c /home/bmarti44/.cache/glm53-flash/build-source-002/exllamav3/exllamav3/exllamav3_ext/hc_mix.cu -o /home/bmarti44/.cache/glm53-flash/build-source-002/exllamav3/build/temp.linux-aarch64-cpython-312/exllamav3/exllamav3_ext/hc_mix.o -D__CUDA_NO_HALF_OPERATORS__ -D__CUDA_NO_HALF_CONVERSIONS__ -D__CUDA_NO_BFLOAT16_CONVERSIONS__ -D__CUDA_NO_HALF2_OPERATORS__ --expt-relaxed-constexpr --compiler-options ''"'"'-fPIC'"'"'' -lineinfo -O3 --use_fast_math -Xcudafe --diag_suppress=177 -Xcudafe --diag_suppress=20012 -DTORCH_API_INCLUDE_EXTENSION_H -DTORCH_EXTENSION_NAME=exllamav3_ext -gencode=arch=compute_121a,code=sm_121a -std=c++20
[25/129] /usr/local/cuda-13.0/bin/nvcc -MD -MF /home/bmarti44/.cache/glm53-flash/build-source-002/exllamav3/build/temp.linux-aarch64-cpython-312/exllamav3/exllamav3_ext/hgemm.o.d -I/home/bmarti44/.cache/glm53-flash/runtime/lib/python3.12/site-packages/torch/include -I/home/bmarti44/.cache/glm53-flash/runtime/lib/python3.12/site-packages/torch/include/torch/csrc/api/include -I/usr/local/cuda-13.0/include -I/home/bmarti44/.cache/glm53-flash/runtime/include -I/home/bmarti44/.local/share/uv/python/cpython-3.12.13-linux-aarch64-gnu/include/python3.12 -c -c /home/bmarti44/.cache/glm53-flash/build-source-002/exllamav3/exllamav3/exllamav3_ext/hgemm.cu -o /home/bmarti44/.cache/glm53-flash/build-source-002/exllamav3/build/temp.linux-aarch64-cpython-312/exllamav3/exllamav3_ext/hgemm.o -D__CUDA_NO_HALF_OPERATORS__ -D__CUDA_NO_HALF_CONVERSIONS__ -D__CUDA_NO_BFLOAT16_CONVERSIONS__ -D__CUDA_NO_HALF2_OPERATORS__ --expt-relaxed-constexpr --compiler-options ''"'"'-fPIC'"'"'' -lineinfo -O3 --use_fast_math -Xcudafe --diag_suppress=177 -Xcudafe --diag_suppress=20012 -DTORCH_API_INCLUDE_EXTENSION_H -DTORCH_EXTENSION_NAME=exllamav3_ext -gencode=arch=compute_121a,code=sm_121a -std=c++20
[26/129] /usr/local/cuda-13.0/bin/nvcc -MD -MF /home/bmarti44/.cache/glm53-flash/build-source-002/exllamav3/build/temp.linux-aarch64-cpython-312/exllamav3/exllamav3_ext/histogram.o.d -I/home/bmarti44/.cache/glm53-flash/runtime/lib/python3.12/site-packages/torch/include -I/home/bmarti44/.cache/glm53-flash/runtime/lib/python3.12/site-packages/torch/include/torch/csrc/api/include -I/usr/local/cuda-13.0/include -I/home/bmarti44/.cache/glm53-flash/runtime/include -I/home/bmarti44/.local/share/uv/python/cpython-3.12.13-linux-aarch64-gnu/include/python3.12 -c -c /home/bmarti44/.cache/glm53-flash/build-source-002/exllamav3/exllamav3/exllamav3_ext/histogram.cu -o /home/bmarti44/.cache/glm53-flash/build-source-002/exllamav3/build/temp.linux-aarch64-cpython-312/exllamav3/exllamav3_ext/histogram.o -D__CUDA_NO_HALF_OPERATORS__ -D__CUDA_NO_HALF_CONVERSIONS__ -D__CUDA_NO_BFLOAT16_CONVERSIONS__ -D__CUDA_NO_HALF2_OPERATORS__ --expt-relaxed-constexpr --compiler-options ''"'"'-fPIC'"'"'' -lineinfo -O3 --use_fast_math -Xcudafe --diag_suppress=177 -Xcudafe --diag_suppress=20012 -DTORCH_API_INCLUDE_EXTENSION_H -DTORCH_EXTENSION_NAME=exllamav3_ext -gencode=arch=compute_121a,code=sm_121a -std=c++20
[27/129] c++ -MMD -MF /home/bmarti44/.cache/glm53-flash/build-source-002/exllamav3/build/temp.linux-aarch64-cpython-312/exllamav3/exllamav3_ext/libtorch/attention.o.d -pthread -fno-strict-overflow -Wsign-compare -Wunreachable-code -DNDEBUG -g -O3 -Wall -O3 -fno-omit-frame-pointer -mno-omit-leaf-frame-pointer -fPIC -fPIC -I/home/bmarti44/.cache/glm53-flash/runtime/lib/python3.12/site-packages/torch/include -I/home/bmarti44/.cache/glm53-flash/runtime/lib/python3.12/site-packages/torch/include/torch/csrc/api/include -I/usr/local/cuda-13.0/include -I/home/bmarti44/.cache/glm53-flash/runtime/include -I/home/bmarti44/.local/share/uv/python/cpython-3.12.13-linux-aarch64-gnu/include/python3.12 -c -c /home/bmarti44/.cache/glm53-flash/build-source-002/exllamav3/exllamav3/exllamav3_ext/libtorch/attention.cpp -o /home/bmarti44/.cache/glm53-flash/build-source-002/exllamav3/build/temp.linux-aarch64-cpython-312/exllamav3/exllamav3_ext/libtorch/attention.o -Ofast -DTORCH_API_INCLUDE_EXTENSION_H -DTORCH_EXTENSION_NAME=exllamav3_ext -std=c++20
[28/129] c++ -MMD -MF /home/bmarti44/.cache/glm53-flash/build-source-002/exllamav3/build/temp.linux-aarch64-cpython-312/exllamav3/exllamav3_ext/libtorch/blocksparse_mlp.o.d -pthread -fno-strict-overflow -Wsign-compare -Wunreachable-code -DNDEBUG -g -O3 -Wall -O3 -fno-omit-frame-pointer -mno-omit-leaf-frame-pointer -fPIC -fPIC -I/home/bmarti44/.cache/glm53-flash/runtime/lib/python3.12/site-packages/torch/include -I/home/bmarti44/.cache/glm53-flash/runtime/lib/python3.12/site-packages/torch/include/torch/csrc/api/include -I/usr/local/cuda-13.0/include -I/home/bmarti44/.cache/glm53-flash/runtime/include -I/home/bmarti44/.local/share/uv/python/cpython-3.12.13-linux-aarch64-gnu/include/python3.12 -c -c /home/bmarti44/.cache/glm53-flash/build-source-002/exllamav3/exllamav3/exllamav3_ext/libtorch/blocksparse_mlp.cpp -o /home/bmarti44/.cache/glm53-flash/build-source-002/exllamav3/build/temp.linux-aarch64-cpython-312/exllamav3/exllamav3_ext/libtorch/blocksparse_mlp.o -Ofast -DTORCH_API_INCLUDE_EXTENSION_H -DTORCH_EXTENSION_NAME=exllamav3_ext -std=c++20
[29/129] c++ -MMD -MF /home/bmarti44/.cache/glm53-flash/build-source-002/exllamav3/build/temp.linux-aarch64-cpython-312/exllamav3/exllamav3_ext/libtorch/dsv4_attn.o.d -pthread -fno-strict-overflow -Wsign-compare -Wunreachable-code -DNDEBUG -g -O3 -Wall -O3 -fno-omit-frame-pointer -mno-omit-leaf-frame-pointer -fPIC -fPIC -I/home/bmarti44/.cache/glm53-flash/runtime/lib/python3.12/site-packages/torch/include -I/home/bmarti44/.cache/glm53-flash/runtime/lib/python3.12/site-packages/torch/include/torch/csrc/api/include -I/usr/local/cuda-13.0/include -I/home/bmarti44/.cache/glm53-flash/runtime/include -I/home/bmarti44/.local/share/uv/python/cpython-3.12.13-linux-aarch64-gnu/include/python3.12 -c -c /home/bmarti44/.cache/glm53-flash/build-source-002/exllamav3/exllamav3/exllamav3_ext/libtorch/dsv4_attn.cpp -o /home/bmarti44/.cache/glm53-flash/build-source-002/exllamav3/build/temp.linux-aarch64-cpython-312/exllamav3/exllamav3_ext/libtorch/dsv4_attn.o -Ofast -DTORCH_API_INCLUDE_EXTENSION_H -DTORCH_EXTENSION_NAME=exllamav3_ext -std=c++20
In file included from /home/bmarti44/.cache/glm53-flash/build-source-002/exllamav3/exllamav3/exllamav3_ext/libtorch/dsv4_attn.cpp:2:
/home/bmarti44/.cache/glm53-flash/build-source-002/exllamav3/exllamav3/exllamav3_ext/libtorch/dsv4_attn.h: In constructor ‘BC_DSV4Attention::BC_DSV4Attention(std::shared_ptr<BC_LinearEXL3>, std::shared_ptr<BC_LinearEXL3>, std::shared_ptr<BC_LinearEXL3>, std::shared_ptr<BC_LinearEXL3>, std::shared_ptr<BC_LinearEXL3>, std::optional<at::Tensor>, std::shared_ptr<BC_DSV4Compressor>, std::shared_ptr<BC_DSV4Compressor>, at::Tensor, at::Tensor, at::Tensor, at::Tensor, int, bool, bool, at::Tensor, at::Tensor, at::Tensor, at::Tensor, at::Tensor, at::Tensor, at::Tensor, std::optional<at::Tensor>, std::optional<at::Tensor>, std::optional<at::Tensor>, std::optional<at::Tensor>, std::optional<at::Tensor>, std::optional<at::Tensor>, std::optional<at::Tensor>, std::optional<at::Tensor>, std::optional<at::Tensor>, at::Tensor, at::Tensor, at::Tensor, int, int, int, int, int, int, int, int, int, int, int, int, int, float, float, int, int, std::optional<at::Tensor>, std::optional<at::Tensor>, std::optional<at::Tensor>, std::optional<at::Tensor>, std::optional<at::Tensor>)’:
/home/bmarti44/.cache/glm53-flash/build-source-002/exllamav3/exllamav3/exllamav3_ext/libtorch/dsv4_attn.h:71:19: warning: ‘BC_DSV4Attention::block_h’ will be initialized after [-Wreorder]
   71 |     int n_splits, block_h;
      |                   ^~~~~~~
/home/bmarti44/.cache/glm53-flash/build-source-002/exllamav3/exllamav3/exllamav3_ext/libtorch/dsv4_attn.h:44:31: warning:   ‘std::optional<at::Tensor> BC_DSV4Attention::fan_trellis’ [-Wreorder]
   44 |     c10::optional<at::Tensor> fan_trellis, fan_suh, fan_svh, fan_n, fan_indices;
      |                               ^~~~~~~~~~~
/home/bmarti44/.cache/glm53-flash/build-source-002/exllamav3/exllamav3/exllamav3_ext/libtorch/dsv4_attn.h:102:5: warning:   when initialized here [-Wreorder]
  102 |     BC_DSV4Attention
      |     ^~~~~~~~~~~~~~~~
/home/bmarti44/.cache/glm53-flash/build-source-002/exllamav3/exllamav3/exllamav3_ext/libtorch/dsv4_attn.h: In constructor ‘BC_DSV4BatchAttention::BC_DSV4BatchAttention(std::shared_ptr<BC_LinearEXL3>, std::shared_ptr<BC_LinearEXL3>, std::shared_ptr<BC_LinearEXL3>, std::optional<at::Tensor>, at::Tensor, at::Tensor, at::Tensor, at::Tensor, int, bool, bool, at::Tensor, at::Tensor, at::Tensor, at::Tensor, at::Tensor, int, bool, bool, at::Tensor, at::Tensor, at::Tensor, at::Tensor, at::Tensor, at::Tensor, std::optional<at::Tensor>, std::optional<at::Tensor>, std::optional<at::Tensor>, float, std::optional<at::Tensor>, std::optional<at::Tensor>, std::optional<at::Tensor>, float, at::Tensor, std::optional<at::Tensor>, std::optional<at::Tensor>, std::optional<at::Tensor>, std::optional<at::Tensor>, std::optional<at::Tensor>, std::optional<at::Tensor>, std::optional<at::Tensor>, std::optional<at::Tensor>, std::optional<at::Tensor>, at::Tensor, at::Tensor, int, int, int, int, int, int, int, int, int, int, int, int, int, float, float, int, int, std::optional<at::Tensor>, std::optional<at::Tensor>, std::optional<at::Tensor>, std::optional<at::Tensor>, std::optional<at::Tensor>, int, bool, bool)’:
/home/bmarti44/.cache/glm53-flash/build-source-002/exllamav3/exllamav3/exllamav3_ext/libtorch/dsv4_attn.h:244:19: warning: ‘BC_DSV4BatchAttention::block_h’ will be initialized after [-Wreorder]
  244 |     int n_splits, block_h;
      |                   ^~~~~~~
/home/bmarti44/.cache/glm53-flash/build-source-002/exllamav3/exllamav3/exllamav3_ext/libtorch/dsv4_attn.h:220:31: warning:   ‘std::optional<at::Tensor> BC_DSV4BatchAttention::fan2_trellis’ [-Wreorder]
  220 |     c10::optional<at::Tensor> fan2_trellis, fan2_suh, fan2_svh, fan2_n, fan2_indices;
      |                               ^~~~~~~~~~~~
/home/bmarti44/.cache/glm53-flash/build-source-002/exllamav3/exllamav3/exllamav3_ext/libtorch/dsv4_attn.h:268:5: warning:   when initialized here [-Wreorder]
  268 |     BC_DSV4BatchAttention
      |     ^~~~~~~~~~~~~~~~~~~~~
[30/129] c++ -MMD -MF /home/bmarti44/.cache/glm53-flash/build-source-002/exllamav3/build/temp.linux-aarch64-cpython-312/exllamav3/exllamav3_ext/libtorch/dsv4_compressor.o.d -pthread -fno-strict-overflow -Wsign-compare -Wunreachable-code -DNDEBUG -g -O3 -Wall -O3 -fno-omit-frame-pointer -mno-omit-leaf-frame-pointer -fPIC -fPIC -I/home/bmarti44/.cache/glm53-flash/runtime/lib/python3.12/site-packages/torch/include -I/home/bmarti44/.cache/glm53-flash/runtime/lib/python3.12/site-packages/torch/include/torch/csrc/api/include -I/usr/local/cuda-13.0/include -I/home/bmarti44/.cache/glm53-flash/runtime/include -I/home/bmarti44/.local/share/uv/python/cpython-3.12.13-linux-aarch64-gnu/include/python3.12 -c -c /home/bmarti44/.cache/glm53-flash/build-source-002/exllamav3/exllamav3/exllamav3_ext/libtorch/dsv4_compressor.cpp -o /home/bmarti44/.cache/glm53-flash/build-source-002/exllamav3/build/temp.linux-aarch64-cpython-312/exllamav3/exllamav3_ext/libtorch/dsv4_compressor.o -Ofast -DTORCH_API_INCLUDE_EXTENSION_H -DTORCH_EXTENSION_NAME=exllamav3_ext -std=c++20
[31/129] c++ -MMD -MF /home/bmarti44/.cache/glm53-flash/build-source-002/exllamav3/build/temp.linux-aarch64-cpython-312/exllamav3/exllamav3_ext/libtorch/gated_rmsnorm.o.d -pthread -fno-strict-overflow -Wsign-compare -Wunreachable-code -DNDEBUG -g -O3 -Wall -O3 -fno-omit-frame-pointer -mno-omit-leaf-frame-pointer -fPIC -fPIC -I/home/bmarti44/.cache/glm53-flash/runtime/lib/python3.12/site-packages/torch/include -I/home/bmarti44/.cache/glm53-flash/runtime/lib/python3.12/site-packages/torch/include/torch/csrc/api/include -I/usr/local/cuda-13.0/include -I/home/bmarti44/.cache/glm53-flash/runtime/include -I/home/bmarti44/.local/share/uv/python/cpython-3.12.13-linux-aarch64-gnu/include/python3.12 -c -c /home/bmarti44/.cache/glm53-flash/build-source-002/exllamav3/exllamav3/exllamav3_ext/libtorch/gated_rmsnorm.cpp -o /home/bmarti44/.cache/glm53-flash/build-source-002/exllamav3/build/temp.linux-aarch64-cpython-312/exllamav3/exllamav3_ext/libtorch/gated_rmsnorm.o -Ofast -DTORCH_API_INCLUDE_EXTENSION_H -DTORCH_EXTENSION_NAME=exllamav3_ext -std=c++20
[32/129] c++ -MMD -MF /home/bmarti44/.cache/glm53-flash/build-source-002/exllamav3/build/temp.linux-aarch64-cpython-312/exllamav3/exllamav3_ext/libtorch/gated_delta_net.o.d -pthread -fno-strict-overflow -Wsign-compare -Wunreachable-code -DNDEBUG -g -O3 -Wall -O3 -fno-omit-frame-pointer -mno-omit-leaf-frame-pointer -fPIC -fPIC -I/home/bmarti44/.cache/glm53-flash/runtime/lib/python3.12/site-packages/torch/include -I/home/bmarti44/.cache/glm53-flash/runtime/lib/python3.12/site-packages/torch/include/torch/csrc/api/include -I/usr/local/cuda-13.0/include -I/home/bmarti44/.cache/glm53-flash/runtime/include -I/home/bmarti44/.local/share/uv/python/cpython-3.12.13-linux-aarch64-gnu/include/python3.12 -c -c /home/bmarti44/.cache/glm53-flash/build-source-002/exllamav3/exllamav3/exllamav3_ext/libtorch/gated_delta_net.cpp -o /home/bmarti44/.cache/glm53-flash/build-source-002/exllamav3/build/temp.linux-aarch64-cpython-312/exllamav3/exllamav3_ext/libtorch/gated_delta_net.o -Ofast -DTORCH_API_INCLUDE_EXTENSION_H -DTORCH_EXTENSION_NAME=exllamav3_ext -std=c++20
In file included from /home/bmarti44/.cache/glm53-flash/build-source-002/exllamav3/exllamav3/exllamav3_ext/libtorch/gated_delta_net.cpp:2:
/home/bmarti44/.cache/glm53-flash/build-source-002/exllamav3/exllamav3/exllamav3_ext/libtorch/gated_delta_net.h: In constructor ‘BC_Mamba2::BC_Mamba2(std::shared_ptr<BC_LinearEXL3>, std::shared_ptr<BC_LinearEXL3>, at::Tensor, at::Tensor, at::Tensor, float, float, int, int, int, int, int, at::Tensor, std::optional<at::Tensor>, std::shared_ptr<BC_GatedRMSNorm>, bool, bool, int)’:
/home/bmarti44/.cache/glm53-flash/build-source-002/exllamav3/exllamav3/exllamav3_ext/libtorch/gated_delta_net.h:277:10: warning: ‘BC_Mamba2::padded_out’ will be initialized after [-Wreorder]
  277 |     bool padded_out;                // o_proj N padded (hidden_size != o_proj->N)
      |          ^~~~~~~~~~
/home/bmarti44/.cache/glm53-flash/build-source-002/exllamav3/exllamav3/exllamav3_ext/libtorch/gated_delta_net.h:266:9: warning:   ‘int BC_Mamba2::dt_first’ [-Wreorder]
  266 |     int dt_first;                   // TP: rank's head offset into the replicated dt section
      |         ^~~~~~~~
/home/bmarti44/.cache/glm53-flash/build-source-002/exllamav3/exllamav3/exllamav3_ext/libtorch/gated_delta_net.h:312:5: warning:   when initialized here [-Wreorder]
  312 |     BC_Mamba2
      |     ^~~~~~~~~
[33/129] c++ -MMD -MF /home/bmarti44/.cache/glm53-flash/build-source-002/exllamav3/build/temp.linux-aarch64-cpython-312/exllamav3/exllamav3_ext/libtorch/mla_attention.o.d -pthread -fno-strict-overflow -Wsign-compare -Wunreachable-code -DNDEBUG -g -O3 -Wall -O3 -fno-omit-frame-pointer -mno-omit-leaf-frame-pointer -fPIC -fPIC -I/home/bmarti44/.cache/glm53-flash/runtime/lib/python3.12/site-packages/torch/include -I/home/bmarti44/.cache/glm53-flash/runtime/lib/python3.12/site-packages/torch/include/torch/csrc/api/include -I/usr/local/cuda-13.0/include -I/home/bmarti44/.cache/glm53-flash/runtime/include -I/home/bmarti44/.local/share/uv/python/cpython-3.12.13-linux-aarch64-gnu/include/python3.12 -c -c /home/bmarti44/.cache/glm53-flash/build-source-002/exllamav3/exllamav3/exllamav3_ext/libtorch/mla_attention.cpp -o /home/bmarti44/.cache/glm53-flash/build-source-002/exllamav3/build/temp.linux-aarch64-cpython-312/exllamav3/exllamav3_ext/libtorch/mla_attention.o -Ofast -DTORCH_API_INCLUDE_EXTENSION_H -DTORCH_EXTENSION_NAME=exllamav3_ext -std=c++20
[34/129] c++ -MMD -MF /home/bmarti44/.cache/glm53-flash/build-source-002/exllamav3/build/temp.linux-aarch64-cpython-312/exllamav3/exllamav3_ext/libtorch/linear.o.d -pthread -fno-strict-overflow -Wsign-compare -Wunreachable-code -DNDEBUG -g -O3 -Wall -O3 -fno-omit-frame-pointer -mno-omit-leaf-frame-pointer -fPIC -fPIC -I/home/bmarti44/.cache/glm53-flash/runtime/lib/python3.12/site-packages/torch/include -I/home/bmarti44/.cache/glm53-flash/runtime/lib/python3.12/site-packages/torch/include/torch/csrc/api/include -I/usr/local/cuda-13.0/include -I/home/bmarti44/.cache/glm53-flash/runtime/include -I/home/bmarti44/.local/share/uv/python/cpython-3.12.13-linux-aarch64-gnu/include/python3.12 -c -c /home/bmarti44/.cache/glm53-flash/build-source-002/exllamav3/exllamav3/exllamav3_ext/libtorch/linear.cpp -o /home/bmarti44/.cache/glm53-flash/build-source-002/exllamav3/build/temp.linux-aarch64-cpython-312/exllamav3/exllamav3_ext/libtorch/linear.o -Ofast -DTORCH_API_INCLUDE_EXTENSION_H -DTORCH_EXTENSION_NAME=exllamav3_ext -std=c++20
[35/129] c++ -MMD -MF /home/bmarti44/.cache/glm53-flash/build-source-002/exllamav3/build/temp.linux-aarch64-cpython-312/exllamav3/exllamav3_ext/libtorch/mlp.o.d -pthread -fno-strict-overflow -Wsign-compare -Wunreachable-code -DNDEBUG -g -O3 -Wall -O3 -fno-omit-frame-pointer -mno-omit-leaf-frame-pointer -fPIC -fPIC -I/home/bmarti44/.cache/glm53-flash/runtime/lib/python3.12/site-packages/torch/include -I/home/bmarti44/.cache/glm53-flash/runtime/lib/python3.12/site-packages/torch/include/torch/csrc/api/include -I/usr/local/cuda-13.0/include -I/home/bmarti44/.cache/glm53-flash/runtime/include -I/home/bmarti44/.local/share/uv/python/cpython-3.12.13-linux-aarch64-gnu/include/python3.12 -c -c /home/bmarti44/.cache/glm53-flash/build-source-002/exllamav3/exllamav3/exllamav3_ext/libtorch/mlp.cpp -o /home/bmarti44/.cache/glm53-flash/build-source-002/exllamav3/build/temp.linux-aarch64-cpython-312/exllamav3/exllamav3_ext/libtorch/mlp.o -Ofast -DTORCH_API_INCLUDE_EXTENSION_H -DTORCH_EXTENSION_NAME=exllamav3_ext -std=c++20
[36/129] /usr/local/cuda-13.0/bin/nvcc -MD -MF /home/bmarti44/.cache/glm53-flash/build-source-002/exllamav3/build/temp.linux-aarch64-cpython-312/exllamav3/exllamav3_ext/norm.o.d -I/home/bmarti44/.cache/glm53-flash/runtime/lib/python3.12/site-packages/torch/include -I/home/bmarti44/.cache/glm53-flash/runtime/lib/python3.12/site-packages/torch/include/torch/csrc/api/include -I/usr/local/cuda-13.0/include -I/home/bmarti44/.cache/glm53-flash/runtime/include -I/home/bmarti44/.local/share/uv/python/cpython-3.12.13-linux-aarch64-gnu/include/python3.12 -c -c /home/bmarti44/.cache/glm53-flash/build-source-002/exllamav3/exllamav3/exllamav3_ext/norm.cu -o /home/bmarti44/.cache/glm53-flash/build-source-002/exllamav3/build/temp.linux-aarch64-cpython-312/exllamav3/exllamav3_ext/norm.o -D__CUDA_NO_HALF_OPERATORS__ -D__CUDA_NO_HALF_CONVERSIONS__ -D__CUDA_NO_BFLOAT16_CONVERSIONS__ -D__CUDA_NO_HALF2_OPERATORS__ --expt-relaxed-constexpr --compiler-options ''"'"'-fPIC'"'"'' -lineinfo -O3 --use_fast_math -Xcudafe --diag_suppress=177 -Xcudafe --diag_suppress=20012 -DTORCH_API_INCLUDE_EXTENSION_H -DTORCH_EXTENSION_NAME=exllamav3_ext -gencode=arch=compute_121a,code=sm_121a -std=c++20
[37/129] /usr/local/cuda-13.0/bin/nvcc -MD -MF /home/bmarti44/.cache/glm53-flash/build-source-002/exllamav3/build/temp.linux-aarch64-cpython-312/exllamav3/exllamav3_ext/parallel/all_reduce.o.d -I/home/bmarti44/.cache/glm53-flash/runtime/lib/python3.12/site-packages/torch/include -I/home/bmarti44/.cache/glm53-flash/runtime/lib/python3.12/site-packages/torch/include/torch/csrc/api/include -I/usr/local/cuda-13.0/include -I/home/bmarti44/.cache/glm53-flash/runtime/include -I/home/bmarti44/.local/share/uv/python/cpython-3.12.13-linux-aarch64-gnu/include/python3.12 -c -c /home/bmarti44/.cache/glm53-flash/build-source-002/exllamav3/exllamav3/exllamav3_ext/parallel/all_reduce.cu -o /home/bmarti44/.cache/glm53-flash/build-source-002/exllamav3/build/temp.linux-aarch64-cpython-312/exllamav3/exllamav3_ext/parallel/all_reduce.o -D__CUDA_NO_HALF_OPERATORS__ -D__CUDA_NO_HALF_CONVERSIONS__ -D__CUDA_NO_BFLOAT16_CONVERSIONS__ -D__CUDA_NO_HALF2_OPERATORS__ --expt-relaxed-constexpr --compiler-options ''"'"'-fPIC'"'"'' -lineinfo -O3 --use_fast_math -Xcudafe --diag_suppress=177 -Xcudafe --diag_suppress=20012 -DTORCH_API_INCLUDE_EXTENSION_H -DTORCH_EXTENSION_NAME=exllamav3_ext -gencode=arch=compute_121a,code=sm_121a -std=c++20
[38/129] /usr/local/cuda-13.0/bin/nvcc -MD -MF /home/bmarti44/.cache/glm53-flash/build-source-002/exllamav3/build/temp.linux-aarch64-cpython-312/exllamav3/exllamav3_ext/parallel/all_reduce_cpu.o.d -I/home/bmarti44/.cache/glm53-flash/runtime/lib/python3.12/site-packages/torch/include -I/home/bmarti44/.cache/glm53-flash/runtime/lib/python3.12/site-packages/torch/include/torch/csrc/api/include -I/usr/local/cuda-13.0/include -I/home/bmarti44/.cache/glm53-flash/runtime/include -I/home/bmarti44/.local/share/uv/python/cpython-3.12.13-linux-aarch64-gnu/include/python3.12 -c -c /home/bmarti44/.cache/glm53-flash/build-source-002/exllamav3/exllamav3/exllamav3_ext/parallel/all_reduce_cpu.cu -o /home/bmarti44/.cache/glm53-flash/build-source-002/exllamav3/build/temp.linux-aarch64-cpython-312/exllamav3/exllamav3_ext/parallel/all_reduce_cpu.o -D__CUDA_NO_HALF_OPERATORS__ -D__CUDA_NO_HALF_CONVERSIONS__ -D__CUDA_NO_BFLOAT16_CONVERSIONS__ -D__CUDA_NO_HALF2_OPERATORS__ --expt-relaxed-constexpr --compiler-options ''"'"'-fPIC'"'"'' -lineinfo -O3 --use_fast_math -Xcudafe --diag_suppress=177 -Xcudafe --diag_suppress=20012 -DTORCH_API_INCLUDE_EXTENSION_H -DTORCH_EXTENSION_NAME=exllamav3_ext -gencode=arch=compute_121a,code=sm_121a -std=c++20
[39/129] c++ -MMD -MF /home/bmarti44/.cache/glm53-flash/build-source-002/exllamav3/build/temp.linux-aarch64-cpython-312/exllamav3/exllamav3_ext/parallel/all_reduce_cpu_avx2.o.d -pthread -fno-strict-overflow -Wsign-compare -Wunreachable-code -DNDEBUG -g -O3 -Wall -O3 -fno-omit-frame-pointer -mno-omit-leaf-frame-pointer -fPIC -fPIC -I/home/bmarti44/.cache/glm53-flash/runtime/lib/python3.12/site-packages/torch/include -I/home/bmarti44/.cache/glm53-flash/runtime/lib/python3.12/site-packages/torch/include/torch/csrc/api/include -I/usr/local/cuda-13.0/include -I/home/bmarti44/.cache/glm53-flash/runtime/include -I/home/bmarti44/.local/share/uv/python/cpython-3.12.13-linux-aarch64-gnu/include/python3.12 -c -c /home/bmarti44/.cache/glm53-flash/build-source-002/exllamav3/exllamav3/exllamav3_ext/parallel/all_reduce_cpu_avx2.cpp -o /home/bmarti44/.cache/glm53-flash/build-source-002/exllamav3/build/temp.linux-aarch64-cpython-312/exllamav3/exllamav3_ext/parallel/all_reduce_cpu_avx2.o -Ofast -DTORCH_API_INCLUDE_EXTENSION_H -DTORCH_EXTENSION_NAME=exllamav3_ext -std=c++20
[40/129] c++ -MMD -MF /home/bmarti44/.cache/glm53-flash/build-source-002/exllamav3/build/temp.linux-aarch64-cpython-312/exllamav3/exllamav3_ext/parallel/all_reduce_cpu_avx512.o.d -pthread -fno-strict-overflow -Wsign-compare -Wunreachable-code -DNDEBUG -g -O3 -Wall -O3 -fno-omit-frame-pointer -mno-omit-leaf-frame-pointer -fPIC -fPIC -I/home/bmarti44/.cache/glm53-flash/runtime/lib/python3.12/site-packages/torch/include -I/home/bmarti44/.cache/glm53-flash/runtime/lib/python3.12/site-packages/torch/include/torch/csrc/api/include -I/usr/local/cuda-13.0/include -I/home/bmarti44/.cache/glm53-flash/runtime/include -I/home/bmarti44/.local/share/uv/python/cpython-3.12.13-linux-aarch64-gnu/include/python3.12 -c -c /home/bmarti44/.cache/glm53-flash/build-source-002/exllamav3/exllamav3/exllamav3_ext/parallel/all_reduce_cpu_avx512.cpp -o /home/bmarti44/.cache/glm53-flash/build-source-002/exllamav3/build/temp.linux-aarch64-cpython-312/exllamav3/exllamav3_ext/parallel/all_reduce_cpu_avx512.o -Ofast -DTORCH_API_INCLUDE_EXTENSION_H -DTORCH_EXTENSION_NAME=exllamav3_ext -std=c++20
[41/129] /usr/local/cuda-13.0/bin/nvcc -MD -MF /home/bmarti44/.cache/glm53-flash/build-source-002/exllamav3/build/temp.linux-aarch64-cpython-312/exllamav3/exllamav3_ext/parallel/barrier.o.d -I/home/bmarti44/.cache/glm53-flash/runtime/lib/python3.12/site-packages/torch/include -I/home/bmarti44/.cache/glm53-flash/runtime/lib/python3.12/site-packages/torch/include/torch/csrc/api/include -I/usr/local/cuda-13.0/include -I/home/bmarti44/.cache/glm53-flash/runtime/include -I/home/bmarti44/.local/share/uv/python/cpython-3.12.13-linux-aarch64-gnu/include/python3.12 -c -c /home/bmarti44/.cache/glm53-flash/build-source-002/exllamav3/exllamav3/exllamav3_ext/parallel/barrier.cu -o /home/bmarti44/.cache/glm53-flash/build-source-002/exllamav3/build/temp.linux-aarch64-cpython-312/exllamav3/exllamav3_ext/parallel/barrier.o -D__CUDA_NO_HALF_OPERATORS__ -D__CUDA_NO_HALF_CONVERSIONS__ -D__CUDA_NO_BFLOAT16_CONVERSIONS__ -D__CUDA_NO_HALF2_OPERATORS__ --expt-relaxed-constexpr --compiler-options ''"'"'-fPIC'"'"'' -lineinfo -O3 --use_fast_math -Xcudafe --diag_suppress=177 -Xcudafe --diag_suppress=20012 -DTORCH_API_INCLUDE_EXTENSION_H -DTORCH_EXTENSION_NAME=exllamav3_ext -gencode=arch=compute_121a,code=sm_121a -std=c++20
[42/129] /usr/local/cuda-13.0/bin/nvcc -MD -MF /home/bmarti44/.cache/glm53-flash/build-source-002/exllamav3/build/temp.linux-aarch64-cpython-312/exllamav3/exllamav3_ext/parallel/broadcast.o.d -I/home/bmarti44/.cache/glm53-flash/runtime/lib/python3.12/site-packages/torch/include -I/home/bmarti44/.cache/glm53-flash/runtime/lib/python3.12/site-packages/torch/include/torch/csrc/api/include -I/usr/local/cuda-13.0/include -I/home/bmarti44/.cache/glm53-flash/runtime/include -I/home/bmarti44/.local/share/uv/python/cpython-3.12.13-linux-aarch64-gnu/include/python3.12 -c -c /home/bmarti44/.cache/glm53-flash/build-source-002/exllamav3/exllamav3/exllamav3_ext/parallel/broadcast.cu -o /home/bmarti44/.cache/glm53-flash/build-source-002/exllamav3/build/temp.linux-aarch64-cpython-312/exllamav3/exllamav3_ext/parallel/broadcast.o -D__CUDA_NO_HALF_OPERATORS__ -D__CUDA_NO_HALF_CONVERSIONS__ -D__CUDA_NO_BFLOAT16_CONVERSIONS__ -D__CUDA_NO_HALF2_OPERATORS__ --expt-relaxed-constexpr --compiler-options ''"'"'-fPIC'"'"'' -lineinfo -O3 --use_fast_math -Xcudafe --diag_suppress=177 -Xcudafe --diag_suppress=20012 -DTORCH_API_INCLUDE_EXTENSION_H -DTORCH_EXTENSION_NAME=exllamav3_ext -gencode=arch=compute_121a,code=sm_121a -std=c++20
[43/129] /usr/local/cuda-13.0/bin/nvcc -MD -MF /home/bmarti44/.cache/glm53-flash/build-source-002/exllamav3/build/temp.linux-aarch64-cpython-312/exllamav3/exllamav3_ext/parallel/context.o.d -I/home/bmarti44/.cache/glm53-flash/runtime/lib/python3.12/site-packages/torch/include -I/home/bmarti44/.cache/glm53-flash/runtime/lib/python3.12/site-packages/torch/include/torch/csrc/api/include -I/usr/local/cuda-13.0/include -I/home/bmarti44/.cache/glm53-flash/runtime/include -I/home/bmarti44/.local/share/uv/python/cpython-3.12.13-linux-aarch64-gnu/include/python3.12 -c -c /home/bmarti44/.cache/glm53-flash/build-source-002/exllamav3/exllamav3/exllamav3_ext/parallel/context.cu -o /home/bmarti44/.cache/glm53-flash/build-source-002/exllamav3/build/temp.linux-aarch64-cpython-312/exllamav3/exllamav3_ext/parallel/context.o -D__CUDA_NO_HALF_OPERATORS__ -D__CUDA_NO_HALF_CONVERSIONS__ -D__CUDA_NO_BFLOAT16_CONVERSIONS__ -D__CUDA_NO_HALF2_OPERATORS__ --expt-relaxed-constexpr --compiler-options ''"'"'-fPIC'"'"'' -lineinfo -O3 --use_fast_math -Xcudafe --diag_suppress=177 -Xcudafe --diag_suppress=20012 -DTORCH_API_INCLUDE_EXTENSION_H -DTORCH_EXTENSION_NAME=exllamav3_ext -gencode=arch=compute_121a,code=sm_121a -std=c++20
[44/129] /usr/local/cuda-13.0/bin/nvcc -MD -MF /home/bmarti44/.cache/glm53-flash/build-source-002/exllamav3/build/temp.linux-aarch64-cpython-312/exllamav3/exllamav3_ext/parallel/gather.o.d -I/home/bmarti44/.cache/glm53-flash/runtime/lib/python3.12/site-packages/torch/include -I/home/bmarti44/.cache/glm53-flash/runtime/lib/python3.12/site-packages/torch/include/torch/csrc/api/include -I/usr/local/cuda-13.0/include -I/home/bmarti44/.cache/glm53-flash/runtime/include -I/home/bmarti44/.local/share/uv/python/cpython-3.12.13-linux-aarch64-gnu/include/python3.12 -c -c /home/bmarti44/.cache/glm53-flash/build-source-002/exllamav3/exllamav3/exllamav3_ext/parallel/gather.cu -o /home/bmarti44/.cache/glm53-flash/build-source-002/exllamav3/build/temp.linux-aarch64-cpython-312/exllamav3/exllamav3_ext/parallel/gather.o -D__CUDA_NO_HALF_OPERATORS__ -D__CUDA_NO_HALF_CONVERSIONS__ -D__CUDA_NO_BFLOAT16_CONVERSIONS__ -D__CUDA_NO_HALF2_OPERATORS__ --expt-relaxed-constexpr --compiler-options ''"'"'-fPIC'"'"'' -lineinfo -O3 --use_fast_math -Xcudafe --diag_suppress=177 -Xcudafe --diag_suppress=20012 -DTORCH_API_INCLUDE_EXTENSION_H -DTORCH_EXTENSION_NAME=exllamav3_ext -gencode=arch=compute_121a,code=sm_121a -std=c++20
[45/129] /usr/local/cuda-13.0/bin/nvcc -MD -MF /home/bmarti44/.cache/glm53-flash/build-source-002/exllamav3/build/temp.linux-aarch64-cpython-312/exllamav3/exllamav3_ext/quant/comp_units/exl3_comp_unit_1_cb0.o.d -I/home/bmarti44/.cache/glm53-flash/runtime/lib/python3.12/site-packages/torch/include -I/home/bmarti44/.cache/glm53-flash/runtime/lib/python3.12/site-packages/torch/include/torch/csrc/api/include -I/usr/local/cuda-13.0/include -I/home/bmarti44/.cache/glm53-flash/runtime/include -I/home/bmarti44/.local/share/uv/python/cpython-3.12.13-linux-aarch64-gnu/include/python3.12 -c -c /home/bmarti44/.cache/glm53-flash/build-source-002/exllamav3/exllamav3/exllamav3_ext/quant/comp_units/exl3_comp_unit_1_cb0.cu -o /home/bmarti44/.cache/glm53-flash/build-source-002/exllamav3/build/temp.linux-aarch64-cpython-312/exllamav3/exllamav3_ext/quant/comp_units/exl3_comp_unit_1_cb0.o -D__CUDA_NO_HALF_OPERATORS__ -D__CUDA_NO_HALF_CONVERSIONS__ -D__CUDA_NO_BFLOAT16_CONVERSIONS__ -D__CUDA_NO_HALF2_OPERATORS__ --expt-relaxed-constexpr --compiler-options ''"'"'-fPIC'"'"'' -lineinfo -O3 --use_fast_math -Xcudafe --diag_suppress=177 -Xcudafe --diag_suppress=20012 -DTORCH_API_INCLUDE_EXTENSION_H -DTORCH_EXTENSION_NAME=exllamav3_ext -gencode=arch=compute_121a,code=sm_121a -std=c++20
[46/129] /usr/local/cuda-13.0/bin/nvcc -MD -MF /home/bmarti44/.cache/glm53-flash/build-source-002/exllamav3/build/temp.linux-aarch64-cpython-312/exllamav3/exllamav3_ext/quant/comp_units/exl3_comp_unit_1_cb1.o.d -I/home/bmarti44/.cache/glm53-flash/runtime/lib/python3.12/site-packages/torch/include -I/home/bmarti44/.cache/glm53-flash/runtime/lib/python3.12/site-packages/torch/include/torch/csrc/api/include -I/usr/local/cuda-13.0/include -I/home/bmarti44/.cache/glm53-flash/runtime/include -I/home/bmarti44/.local/share/uv/python/cpython-3.12.13-linux-aarch64-gnu/include/python3.12 -c -c /home/bmarti44/.cache/glm53-flash/build-source-002/exllamav3/exllamav3/exllamav3_ext/quant/comp_units/exl3_comp_unit_1_cb1.cu -o /home/bmarti44/.cache/glm53-flash/build-source-002/exllamav3/build/temp.linux-aarch64-cpython-312/exllamav3/exllamav3_ext/quant/comp_units/exl3_comp_unit_1_cb1.o -D__CUDA_NO_HALF_OPERATORS__ -D__CUDA_NO_HALF_CONVERSIONS__ -D__CUDA_NO_BFLOAT16_CONVERSIONS__ -D__CUDA_NO_HALF2_OPERATORS__ --expt-relaxed-constexpr --compiler-options ''"'"'-fPIC'"'"'' -lineinfo -O3 --use_fast_math -Xcudafe --diag_suppress=177 -Xcudafe --diag_suppress=20012 -DTORCH_API_INCLUDE_EXTENSION_H -DTORCH_EXTENSION_NAME=exllamav3_ext -gencode=arch=compute_121a,code=sm_121a -std=c++20
[47/129] /usr/local/cuda-13.0/bin/nvcc -MD -MF /home/bmarti44/.cache/glm53-flash/build-source-002/exllamav3/build/temp.linux-aarch64-cpython-312/exllamav3/exllamav3_ext/quant/comp_units/exl3_comp_unit_1_cb2.o.d -I/home/bmarti44/.cache/glm53-flash/runtime/lib/python3.12/site-packages/torch/include -I/home/bmarti44/.cache/glm53-flash/runtime/lib/python3.12/site-packages/torch/include/torch/csrc/api/include -I/usr/local/cuda-13.0/include -I/home/bmarti44/.cache/glm53-flash/runtime/include -I/home/bmarti44/.local/share/uv/python/cpython-3.12.13-linux-aarch64-gnu/include/python3.12 -c -c /home/bmarti44/.cache/glm53-flash/build-source-002/exllamav3/exllamav3/exllamav3_ext/quant/comp_units/exl3_comp_unit_1_cb2.cu -o /home/bmarti44/.cache/glm53-flash/build-source-002/exllamav3/build/temp.linux-aarch64-cpython-312/exllamav3/exllamav3_ext/quant/comp_units/exl3_comp_unit_1_cb2.o -D__CUDA_NO_HALF_OPERATORS__ -D__CUDA_NO_HALF_CONVERSIONS__ -D__CUDA_NO_BFLOAT16_CONVERSIONS__ -D__CUDA_NO_HALF2_OPERATORS__ --expt-relaxed-constexpr --compiler-options ''"'"'-fPIC'"'"'' -lineinfo -O3 --use_fast_math -Xcudafe --diag_suppress=177 -Xcudafe --diag_suppress=20012 -DTORCH_API_INCLUDE_EXTENSION_H -DTORCH_EXTENSION_NAME=exllamav3_ext -gencode=arch=compute_121a,code=sm_121a -std=c++20
[48/129] /usr/local/cuda-13.0/bin/nvcc -MD -MF /home/bmarti44/.cache/glm53-flash/build-source-002/exllamav3/build/temp.linux-aarch64-cpython-312/exllamav3/exllamav3_ext/quant/comp_units/exl3_comp_unit_2_cb0.o.d -I/home/bmarti44/.cache/glm53-flash/runtime/lib/python3.12/site-packages/torch/include -I/home/bmarti44/.cache/glm53-flash/runtime/lib/python3.12/site-packages/torch/include/torch/csrc/api/include -I/usr/local/cuda-13.0/include -I/home/bmarti44/.cache/glm53-flash/runtime/include -I/home/bmarti44/.local/share/uv/python/cpython-3.12.13-linux-aarch64-gnu/include/python3.12 -c -c /home/bmarti44/.cache/glm53-flash/build-source-002/exllamav3/exllamav3/exllamav3_ext/quant/comp_units/exl3_comp_unit_2_cb0.cu -o /home/bmarti44/.cache/glm53-flash/build-source-002/exllamav3/build/temp.linux-aarch64-cpython-312/exllamav3/exllamav3_ext/quant/comp_units/exl3_comp_unit_2_cb0.o -D__CUDA_NO_HALF_OPERATORS__ -D__CUDA_NO_HALF_CONVERSIONS__ -D__CUDA_NO_BFLOAT16_CONVERSIONS__ -D__CUDA_NO_HALF2_OPERATORS__ --expt-relaxed-constexpr --compiler-options ''"'"'-fPIC'"'"'' -lineinfo -O3 --use_fast_math -Xcudafe --diag_suppress=177 -Xcudafe --diag_suppress=20012 -DTORCH_API_INCLUDE_EXTENSION_H -DTORCH_EXTENSION_NAME=exllamav3_ext -gencode=arch=compute_121a,code=sm_121a -std=c++20
[49/129] /usr/local/cuda-13.0/bin/nvcc -MD -MF /home/bmarti44/.cache/glm53-flash/build-source-002/exllamav3/build/temp.linux-aarch64-cpython-312/exllamav3/exllamav3_ext/quant/comp_units/exl3_comp_unit_2_cb1.o.d -I/home/bmarti44/.cache/glm53-flash/runtime/lib/python3.12/site-packages/torch/include -I/home/bmarti44/.cache/glm53-flash/runtime/lib/python3.12/site-packages/torch/include/torch/csrc/api/include -I/usr/local/cuda-13.0/include -I/home/bmarti44/.cache/glm53-flash/runtime/include -I/home/bmarti44/.local/share/uv/python/cpython-3.12.13-linux-aarch64-gnu/include/python3.12 -c -c /home/bmarti44/.cache/glm53-flash/build-source-002/exllamav3/exllamav3/exllamav3_ext/quant/comp_units/exl3_comp_unit_2_cb1.cu -o /home/bmarti44/.cache/glm53-flash/build-source-002/exllamav3/build/temp.linux-aarch64-cpython-312/exllamav3/exllamav3_ext/quant/comp_units/exl3_comp_unit_2_cb1.o -D__CUDA_NO_HALF_OPERATORS__ -D__CUDA_NO_HALF_CONVERSIONS__ -D__CUDA_NO_BFLOAT16_CONVERSIONS__ -D__CUDA_NO_HALF2_OPERATORS__ --expt-relaxed-constexpr --compiler-options ''"'"'-fPIC'"'"'' -lineinfo -O3 --use_fast_math -Xcudafe --diag_suppress=177 -Xcudafe --diag_suppress=20012 -DTORCH_API_INCLUDE_EXTENSION_H -DTORCH_EXTENSION_NAME=exllamav3_ext -gencode=arch=compute_121a,code=sm_121a -std=c++20
[50/129] /usr/local/cuda-13.0/bin/nvcc -MD -MF /home/bmarti44/.cache/glm53-flash/build-source-002/exllamav3/build/temp.linux-aarch64-cpython-312/exllamav3/exllamav3_ext/quant/comp_units/exl3_comp_unit_2_cb2.o.d -I/home/bmarti44/.cache/glm53-flash/runtime/lib/python3.12/site-packages/torch/include -I/home/bmarti44/.cache/glm53-flash/runtime/lib/python3.12/site-packages/torch/include/torch/csrc/api/include -I/usr/local/cuda-13.0/include -I/home/bmarti44/.cache/glm53-flash/runtime/include -I/home/bmarti44/.local/share/uv/python/cpython-3.12.13-linux-aarch64-gnu/include/python3.12 -c -c /home/bmarti44/.cache/glm53-flash/build-source-002/exllamav3/exllamav3/exllamav3_ext/quant/comp_units/exl3_comp_unit_2_cb2.cu -o /home/bmarti44/.cache/glm53-flash/build-source-002/exllamav3/build/temp.linux-aarch64-cpython-312/exllamav3/exllamav3_ext/quant/comp_units/exl3_comp_unit_2_cb2.o -D__CUDA_NO_HALF_OPERATORS__ -D__CUDA_NO_HALF_CONVERSIONS__ -D__CUDA_NO_BFLOAT16_CONVERSIONS__ -D__CUDA_NO_HALF2_OPERATORS__ --expt-relaxed-constexpr --compiler-options ''"'"'-fPIC'"'"'' -lineinfo -O3 --use_fast_math -Xcudafe --diag_suppress=177 -Xcudafe --diag_suppress=20012 -DTORCH_API_INCLUDE_EXTENSION_H -DTORCH_EXTENSION_NAME=exllamav3_ext -gencode=arch=compute_121a,code=sm_121a -std=c++20
[51/129] /usr/local/cuda-13.0/bin/nvcc -MD -MF /home/bmarti44/.cache/glm53-flash/build-source-002/exllamav3/build/temp.linux-aarch64-cpython-312/exllamav3/exllamav3_ext/quant/comp_units/exl3_comp_unit_3_cb0.o.d -I/home/bmarti44/.cache/glm53-flash/runtime/lib/python3.12/site-packages/torch/include -I/home/bmarti44/.cache/glm53-flash/runtime/lib/python3.12/site-packages/torch/include/torch/csrc/api/include -I/usr/local/cuda-13.0/include -I/home/bmarti44/.cache/glm53-flash/runtime/include -I/home/bmarti44/.local/share/uv/python/cpython-3.12.13-linux-aarch64-gnu/include/python3.12 -c -c /home/bmarti44/.cache/glm53-flash/build-source-002/exllamav3/exllamav3/exllamav3_ext/quant/comp_units/exl3_comp_unit_3_cb0.cu -o /home/bmarti44/.cache/glm53-flash/build-source-002/exllamav3/build/temp.linux-aarch64-cpython-312/exllamav3/exllamav3_ext/quant/comp_units/exl3_comp_unit_3_cb0.o -D__CUDA_NO_HALF_OPERATORS__ -D__CUDA_NO_HALF_CONVERSIONS__ -D__CUDA_NO_BFLOAT16_CONVERSIONS__ -D__CUDA_NO_HALF2_OPERATORS__ --expt-relaxed-constexpr --compiler-options ''"'"'-fPIC'"'"'' -lineinfo -O3 --use_fast_math -Xcudafe --diag_suppress=177 -Xcudafe --diag_suppress=20012 -DTORCH_API_INCLUDE_EXTENSION_H -DTORCH_EXTENSION_NAME=exllamav3_ext -gencode=arch=compute_121a,code=sm_121a -std=c++20
[52/129] /usr/local/cuda-13.0/bin/nvcc -MD -MF /home/bmarti44/.cache/glm53-flash/build-source-002/exllamav3/build/temp.linux-aarch64-cpython-312/exllamav3/exllamav3_ext/quant/comp_units/exl3_comp_unit_3_cb1.o.d -I/home/bmarti44/.cache/glm53-flash/runtime/lib/python3.12/site-packages/torch/include -I/home/bmarti44/.cache/glm53-flash/runtime/lib/python3.12/site-packages/torch/include/torch/csrc/api/include -I/usr/local/cuda-13.0/include -I/home/bmarti44/.cache/glm53-flash/runtime/include -I/home/bmarti44/.local/share/uv/python/cpython-3.12.13-linux-aarch64-gnu/include/python3.12 -c -c /home/bmarti44/.cache/glm53-flash/build-source-002/exllamav3/exllamav3/exllamav3_ext/quant/comp_units/exl3_comp_unit_3_cb1.cu -o /home/bmarti44/.cache/glm53-flash/build-source-002/exllamav3/build/temp.linux-aarch64-cpython-312/exllamav3/exllamav3_ext/quant/comp_units/exl3_comp_unit_3_cb1.o -D__CUDA_NO_HALF_OPERATORS__ -D__CUDA_NO_HALF_CONVERSIONS__ -D__CUDA_NO_BFLOAT16_CONVERSIONS__ -D__CUDA_NO_HALF2_OPERATORS__ --expt-relaxed-constexpr --compiler-options ''"'"'-fPIC'"'"'' -lineinfo -O3 --use_fast_math -Xcudafe --diag_suppress=177 -Xcudafe --diag_suppress=20012 -DTORCH_API_INCLUDE_EXTENSION_H -DTORCH_EXTENSION_NAME=exllamav3_ext -gencode=arch=compute_121a,code=sm_121a -std=c++20
[53/129] /usr/local/cuda-13.0/bin/nvcc -MD -MF /home/bmarti44/.cache/glm53-flash/build-source-002/exllamav3/build/temp.linux-aarch64-cpython-312/exllamav3/exllamav3_ext/quant/comp_units/exl3_comp_unit_3_cb2.o.d -I/home/bmarti44/.cache/glm53-flash/runtime/lib/python3.12/site-packages/torch/include -I/home/bmarti44/.cache/glm53-flash/runtime/lib/python3.12/site-packages/torch/include/torch/csrc/api/include -I/usr/local/cuda-13.0/include -I/home/bmarti44/.cache/glm53-flash/runtime/include -I/home/bmarti44/.local/share/uv/python/cpython-3.12.13-linux-aarch64-gnu/include/python3.12 -c -c /home/bmarti44/.cache/glm53-flash/build-source-002/exllamav3/exllamav3/exllamav3_ext/quant/comp_units/exl3_comp_unit_3_cb2.cu -o /home/bmarti44/.cache/glm53-flash/build-source-002/exllamav3/build/temp.linux-aarch64-cpython-312/exllamav3/exllamav3_ext/quant/comp_units/exl3_comp_unit_3_cb2.o -D__CUDA_NO_HALF_OPERATORS__ -D__CUDA_NO_HALF_CONVERSIONS__ -D__CUDA_NO_BFLOAT16_CONVERSIONS__ -D__CUDA_NO_HALF2_OPERATORS__ --expt-relaxed-constexpr --compiler-options ''"'"'-fPIC'"'"'' -lineinfo -O3 --use_fast_math -Xcudafe --diag_suppress=177 -Xcudafe --diag_suppress=20012 -DTORCH_API_INCLUDE_EXTENSION_H -DTORCH_EXTENSION_NAME=exllamav3_ext -gencode=arch=compute_121a,code=sm_121a -std=c++20
[54/129] /usr/local/cuda-13.0/bin/nvcc -MD -MF /home/bmarti44/.cache/glm53-flash/build-source-002/exllamav3/build/temp.linux-aarch64-cpython-312/exllamav3/exllamav3_ext/quant/comp_units/exl3_comp_unit_4_cb0.o.d -I/home/bmarti44/.cache/glm53-flash/runtime/lib/python3.12/site-packages/torch/include -I/home/bmarti44/.cache/glm53-flash/runtime/lib/python3.12/site-packages/torch/include/torch/csrc/api/include -I/usr/local/cuda-13.0/include -I/home/bmarti44/.cache/glm53-flash/runtime/include -I/home/bmarti44/.local/share/uv/python/cpython-3.12.13-linux-aarch64-gnu/include/python3.12 -c -c /home/bmarti44/.cache/glm53-flash/build-source-002/exllamav3/exllamav3/exllamav3_ext/quant/comp_units/exl3_comp_unit_4_cb0.cu -o /home/bmarti44/.cache/glm53-flash/build-source-002/exllamav3/build/temp.linux-aarch64-cpython-312/exllamav3/exllamav3_ext/quant/comp_units/exl3_comp_unit_4_cb0.o -D__CUDA_NO_HALF_OPERATORS__ -D__CUDA_NO_HALF_CONVERSIONS__ -D__CUDA_NO_BFLOAT16_CONVERSIONS__ -D__CUDA_NO_HALF2_OPERATORS__ --expt-relaxed-constexpr --compiler-options ''"'"'-fPIC'"'"'' -lineinfo -O3 --use_fast_math -Xcudafe --diag_suppress=177 -Xcudafe --diag_suppress=20012 -DTORCH_API_INCLUDE_EXTENSION_H -DTORCH_EXTENSION_NAME=exllamav3_ext -gencode=arch=compute_121a,code=sm_121a -std=c++20
[55/129] /usr/local/cuda-13.0/bin/nvcc -MD -MF /home/bmarti44/.cache/glm53-flash/build-source-002/exllamav3/build/temp.linux-aarch64-cpython-312/exllamav3/exllamav3_ext/quant/comp_units/exl3_comp_unit_4_cb1.o.d -I/home/bmarti44/.cache/glm53-flash/runtime/lib/python3.12/site-packages/torch/include -I/home/bmarti44/.cache/glm53-flash/runtime/lib/python3.12/site-packages/torch/include/torch/csrc/api/include -I/usr/local/cuda-13.0/include -I/home/bmarti44/.cache/glm53-flash/runtime/include -I/home/bmarti44/.local/share/uv/python/cpython-3.12.13-linux-aarch64-gnu/include/python3.12 -c -c /home/bmarti44/.cache/glm53-flash/build-source-002/exllamav3/exllamav3/exllamav3_ext/quant/comp_units/exl3_comp_unit_4_cb1.cu -o /home/bmarti44/.cache/glm53-flash/build-source-002/exllamav3/build/temp.linux-aarch64-cpython-312/exllamav3/exllamav3_ext/quant/comp_units/exl3_comp_unit_4_cb1.o -D__CUDA_NO_HALF_OPERATORS__ -D__CUDA_NO_HALF_CONVERSIONS__ -D__CUDA_NO_BFLOAT16_CONVERSIONS__ -D__CUDA_NO_HALF2_OPERATORS__ --expt-relaxed-constexpr --compiler-options ''"'"'-fPIC'"'"'' -lineinfo -O3 --use_fast_math -Xcudafe --diag_suppress=177 -Xcudafe --diag_suppress=20012 -DTORCH_API_INCLUDE_EXTENSION_H -DTORCH_EXTENSION_NAME=exllamav3_ext -gencode=arch=compute_121a,code=sm_121a -std=c++20
[56/129] /usr/local/cuda-13.0/bin/nvcc -MD -MF /home/bmarti44/.cache/glm53-flash/build-source-002/exllamav3/build/temp.linux-aarch64-cpython-312/exllamav3/exllamav3_ext/quant/comp_units/exl3_comp_unit_4_cb2.o.d -I/home/bmarti44/.cache/glm53-flash/runtime/lib/python3.12/site-packages/torch/include -I/home/bmarti44/.cache/glm53-flash/runtime/lib/python3.12/site-packages/torch/include/torch/csrc/api/include -I/usr/local/cuda-13.0/include -I/home/bmarti44/.cache/glm53-flash/runtime/include -I/home/bmarti44/.local/share/uv/python/cpython-3.12.13-linux-aarch64-gnu/include/python3.12 -c -c /home/bmarti44/.cache/glm53-flash/build-source-002/exllamav3/exllamav3/exllamav3_ext/quant/comp_units/exl3_comp_unit_4_cb2.cu -o /home/bmarti44/.cache/glm53-flash/build-source-002/exllamav3/build/temp.linux-aarch64-cpython-312/exllamav3/exllamav3_ext/quant/comp_units/exl3_comp_unit_4_cb2.o -D__CUDA_NO_HALF_OPERATORS__ -D__CUDA_NO_HALF_CONVERSIONS__ -D__CUDA_NO_BFLOAT16_CONVERSIONS__ -D__CUDA_NO_HALF2_OPERATORS__ --expt-relaxed-constexpr --compiler-options ''"'"'-fPIC'"'"'' -lineinfo -O3 --use_fast_math -Xcudafe --diag_suppress=177 -Xcudafe --diag_suppress=20012 -DTORCH_API_INCLUDE_EXTENSION_H -DTORCH_EXTENSION_NAME=exllamav3_ext -gencode=arch=compute_121a,code=sm_121a -std=c++20
[57/129] /usr/local/cuda-13.0/bin/nvcc -MD -MF /home/bmarti44/.cache/glm53-flash/build-source-002/exllamav3/build/temp.linux-aarch64-cpython-312/exllamav3/exllamav3_ext/quant/comp_units/exl3_comp_unit_5_cb0.o.d -I/home/bmarti44/.cache/glm53-flash/runtime/lib/python3.12/site-packages/torch/include -I/home/bmarti44/.cache/glm53-flash/runtime/lib/python3.12/site-packages/torch/include/torch/csrc/api/include -I/usr/local/cuda-13.0/include -I/home/bmarti44/.cache/glm53-flash/runtime/include -I/home/bmarti44/.local/share/uv/python/cpython-3.12.13-linux-aarch64-gnu/include/python3.12 -c -c /home/bmarti44/.cache/glm53-flash/build-source-002/exllamav3/exllamav3/exllamav3_ext/quant/comp_units/exl3_comp_unit_5_cb0.cu -o /home/bmarti44/.cache/glm53-flash/build-source-002/exllamav3/build/temp.linux-aarch64-cpython-312/exllamav3/exllamav3_ext/quant/comp_units/exl3_comp_unit_5_cb0.o -D__CUDA_NO_HALF_OPERATORS__ -D__CUDA_NO_HALF_CONVERSIONS__ -D__CUDA_NO_BFLOAT16_CONVERSIONS__ -D__CUDA_NO_HALF2_OPERATORS__ --expt-relaxed-constexpr --compiler-options ''"'"'-fPIC'"'"'' -lineinfo -O3 --use_fast_math -Xcudafe --diag_suppress=177 -Xcudafe --diag_suppress=20012 -DTORCH_API_INCLUDE_EXTENSION_H -DTORCH_EXTENSION_NAME=exllamav3_ext -gencode=arch=compute_121a,code=sm_121a -std=c++20
[58/129] /usr/local/cuda-13.0/bin/nvcc -MD -MF /home/bmarti44/.cache/glm53-flash/build-source-002/exllamav3/build/temp.linux-aarch64-cpython-312/exllamav3/exllamav3_ext/quant/comp_units/exl3_comp_unit_5_cb1.o.d -I/home/bmarti44/.cache/glm53-flash/runtime/lib/python3.12/site-packages/torch/include -I/home/bmarti44/.cache/glm53-flash/runtime/lib/python3.12/site-packages/torch/include/torch/csrc/api/include -I/usr/local/cuda-13.0/include -I/home/bmarti44/.cache/glm53-flash/runtime/include -I/home/bmarti44/.local/share/uv/python/cpython-3.12.13-linux-aarch64-gnu/include/python3.12 -c -c /home/bmarti44/.cache/glm53-flash/build-source-002/exllamav3/exllamav3/exllamav3_ext/quant/comp_units/exl3_comp_unit_5_cb1.cu -o /home/bmarti44/.cache/glm53-flash/build-source-002/exllamav3/build/temp.linux-aarch64-cpython-312/exllamav3/exllamav3_ext/quant/comp_units/exl3_comp_unit_5_cb1.o -D__CUDA_NO_HALF_OPERATORS__ -D__CUDA_NO_HALF_CONVERSIONS__ -D__CUDA_NO_BFLOAT16_CONVERSIONS__ -D__CUDA_NO_HALF2_OPERATORS__ --expt-relaxed-constexpr --compiler-options ''"'"'-fPIC'"'"'' -lineinfo -O3 --use_fast_math -Xcudafe --diag_suppress=177 -Xcudafe --diag_suppress=20012 -DTORCH_API_INCLUDE_EXTENSION_H -DTORCH_EXTENSION_NAME=exllamav3_ext -gencode=arch=compute_121a,code=sm_121a -std=c++20
[59/129] /usr/local/cuda-13.0/bin/nvcc -MD -MF /home/bmarti44/.cache/glm53-flash/build-source-002/exllamav3/build/temp.linux-aarch64-cpython-312/exllamav3/exllamav3_ext/quant/comp_units/exl3_comp_unit_5_cb2.o.d -I/home/bmarti44/.cache/glm53-flash/runtime/lib/python3.12/site-packages/torch/include -I/home/bmarti44/.cache/glm53-flash/runtime/lib/python3.12/site-packages/torch/include/torch/csrc/api/include -I/usr/local/cuda-13.0/include -I/home/bmarti44/.cache/glm53-flash/runtime/include -I/home/bmarti44/.local/share/uv/python/cpython-3.12.13-linux-aarch64-gnu/include/python3.12 -c -c /home/bmarti44/.cache/glm53-flash/build-source-002/exllamav3/exllamav3/exllamav3_ext/quant/comp_units/exl3_comp_unit_5_cb2.cu -o /home/bmarti44/.cache/glm53-flash/build-source-002/exllamav3/build/temp.linux-aarch64-cpython-312/exllamav3/exllamav3_ext/quant/comp_units/exl3_comp_unit_5_cb2.o -D__CUDA_NO_HALF_OPERATORS__ -D__CUDA_NO_HALF_CONVERSIONS__ -D__CUDA_NO_BFLOAT16_CONVERSIONS__ -D__CUDA_NO_HALF2_OPERATORS__ --expt-relaxed-constexpr --compiler-options ''"'"'-fPIC'"'"'' -lineinfo -O3 --use_fast_math -Xcudafe --diag_suppress=177 -Xcudafe --diag_suppress=20012 -DTORCH_API_INCLUDE_EXTENSION_H -DTORCH_EXTENSION_NAME=exllamav3_ext -gencode=arch=compute_121a,code=sm_121a -std=c++20
[60/129] /usr/local/cuda-13.0/bin/nvcc -MD -MF /home/bmarti44/.cache/glm53-flash/build-source-002/exllamav3/build/temp.linux-aarch64-cpython-312/exllamav3/exllamav3_ext/quant/comp_units/exl3_comp_unit_6_cb0.o.d -I/home/bmarti44/.cache/glm53-flash/runtime/lib/python3.12/site-packages/torch/include -I/home/bmarti44/.cache/glm53-flash/runtime/lib/python3.12/site-packages/torch/include/torch/csrc/api/include -I/usr/local/cuda-13.0/include -I/home/bmarti44/.cache/glm53-flash/runtime/include -I/home/bmarti44/.local/share/uv/python/cpython-3.12.13-linux-aarch64-gnu/include/python3.12 -c -c /home/bmarti44/.cache/glm53-flash/build-source-002/exllamav3/exllamav3/exllamav3_ext/quant/comp_units/exl3_comp_unit_6_cb0.cu -o /home/bmarti44/.cache/glm53-flash/build-source-002/exllamav3/build/temp.linux-aarch64-cpython-312/exllamav3/exllamav3_ext/quant/comp_units/exl3_comp_unit_6_cb0.o -D__CUDA_NO_HALF_OPERATORS__ -D__CUDA_NO_HALF_CONVERSIONS__ -D__CUDA_NO_BFLOAT16_CONVERSIONS__ -D__CUDA_NO_HALF2_OPERATORS__ --expt-relaxed-constexpr --compiler-options ''"'"'-fPIC'"'"'' -lineinfo -O3 --use_fast_math -Xcudafe --diag_suppress=177 -Xcudafe --diag_suppress=20012 -DTORCH_API_INCLUDE_EXTENSION_H -DTORCH_EXTENSION_NAME=exllamav3_ext -gencode=arch=compute_121a,code=sm_121a -std=c++20
[61/129] /usr/local/cuda-13.0/bin/nvcc -MD -MF /home/bmarti44/.cache/glm53-flash/build-source-002/exllamav3/build/temp.linux-aarch64-cpython-312/exllamav3/exllamav3_ext/quant/comp_units/exl3_comp_unit_6_cb1.o.d -I/home/bmarti44/.cache/glm53-flash/runtime/lib/python3.12/site-packages/torch/include -I/home/bmarti44/.cache/glm53-flash/runtime/lib/python3.12/site-packages/torch/include/torch/csrc/api/include -I/usr/local/cuda-13.0/include -I/home/bmarti44/.cache/glm53-flash/runtime/include -I/home/bmarti44/.local/share/uv/python/cpython-3.12.13-linux-aarch64-gnu/include/python3.12 -c -c /home/bmarti44/.cache/glm53-flash/build-source-002/exllamav3/exllamav3/exllamav3_ext/quant/comp_units/exl3_comp_unit_6_cb1.cu -o /home/bmarti44/.cache/glm53-flash/build-source-002/exllamav3/build/temp.linux-aarch64-cpython-312/exllamav3/exllamav3_ext/quant/comp_units/exl3_comp_unit_6_cb1.o -D__CUDA_NO_HALF_OPERATORS__ -D__CUDA_NO_HALF_CONVERSIONS__ -D__CUDA_NO_BFLOAT16_CONVERSIONS__ -D__CUDA_NO_HALF2_OPERATORS__ --expt-relaxed-constexpr --compiler-options ''"'"'-fPIC'"'"'' -lineinfo -O3 --use_fast_math -Xcudafe --diag_suppress=177 -Xcudafe --diag_suppress=20012 -DTORCH_API_INCLUDE_EXTENSION_H -DTORCH_EXTENSION_NAME=exllamav3_ext -gencode=arch=compute_121a,code=sm_121a -std=c++20
[62/129] /usr/local/cuda-13.0/bin/nvcc -MD -MF /home/bmarti44/.cache/glm53-flash/build-source-002/exllamav3/build/temp.linux-aarch64-cpython-312/exllamav3/exllamav3_ext/quant/comp_units/exl3_comp_unit_6_cb2.o.d -I/home/bmarti44/.cache/glm53-flash/runtime/lib/python3.12/site-packages/torch/include -I/home/bmarti44/.cache/glm53-flash/runtime/lib/python3.12/site-packages/torch/include/torch/csrc/api/include -I/usr/local/cuda-13.0/include -I/home/bmarti44/.cache/glm53-flash/runtime/include -I/home/bmarti44/.local/share/uv/python/cpython-3.12.13-linux-aarch64-gnu/include/python3.12 -c -c /home/bmarti44/.cache/glm53-flash/build-source-002/exllamav3/exllamav3/exllamav3_ext/quant/comp_units/exl3_comp_unit_6_cb2.cu -o /home/bmarti44/.cache/glm53-flash/build-source-002/exllamav3/build/temp.linux-aarch64-cpython-312/exllamav3/exllamav3_ext/quant/comp_units/exl3_comp_unit_6_cb2.o -D__CUDA_NO_HALF_OPERATORS__ -D__CUDA_NO_HALF_CONVERSIONS__ -D__CUDA_NO_BFLOAT16_CONVERSIONS__ -D__CUDA_NO_HALF2_OPERATORS__ --expt-relaxed-constexpr --compiler-options ''"'"'-fPIC'"'"'' -lineinfo -O3 --use_fast_math -Xcudafe --diag_suppress=177 -Xcudafe --diag_suppress=20012 -DTORCH_API_INCLUDE_EXTENSION_H -DTORCH_EXTENSION_NAME=exllamav3_ext -gencode=arch=compute_121a,code=sm_121a -std=c++20
[63/129] /usr/local/cuda-13.0/bin/nvcc -MD -MF /home/bmarti44/.cache/glm53-flash/build-source-002/exllamav3/build/temp.linux-aarch64-cpython-312/exllamav3/exllamav3_ext/quant/comp_units/exl3_comp_unit_7_cb0.o.d -I/home/bmarti44/.cache/glm53-flash/runtime/lib/python3.12/site-packages/torch/include -I/home/bmarti44/.cache/glm53-flash/runtime/lib/python3.12/site-packages/torch/include/torch/csrc/api/include -I/usr/local/cuda-13.0/include -I/home/bmarti44/.cache/glm53-flash/runtime/include -I/home/bmarti44/.local/share/uv/python/cpython-3.12.13-linux-aarch64-gnu/include/python3.12 -c -c /home/bmarti44/.cache/glm53-flash/build-source-002/exllamav3/exllamav3/exllamav3_ext/quant/comp_units/exl3_comp_unit_7_cb0.cu -o /home/bmarti44/.cache/glm53-flash/build-source-002/exllamav3/build/temp.linux-aarch64-cpython-312/exllamav3/exllamav3_ext/quant/comp_units/exl3_comp_unit_7_cb0.o -D__CUDA_NO_HALF_OPERATORS__ -D__CUDA_NO_HALF_CONVERSIONS__ -D__CUDA_NO_BFLOAT16_CONVERSIONS__ -D__CUDA_NO_HALF2_OPERATORS__ --expt-relaxed-constexpr --compiler-options ''"'"'-fPIC'"'"'' -lineinfo -O3 --use_fast_math -Xcudafe --diag_suppress=177 -Xcudafe --diag_suppress=20012 -DTORCH_API_INCLUDE_EXTENSION_H -DTORCH_EXTENSION_NAME=exllamav3_ext -gencode=arch=compute_121a,code=sm_121a -std=c++20
[64/129] /usr/local/cuda-13.0/bin/nvcc -MD -MF /home/bmarti44/.cache/glm53-flash/build-source-002/exllamav3/build/temp.linux-aarch64-cpython-312/exllamav3/exllamav3_ext/quant/comp_units/exl3_comp_unit_7_cb1.o.d -I/home/bmarti44/.cache/glm53-flash/runtime/lib/python3.12/site-packages/torch/include -I/home/bmarti44/.cache/glm53-flash/runtime/lib/python3.12/site-packages/torch/include/torch/csrc/api/include -I/usr/local/cuda-13.0/include -I/home/bmarti44/.cache/glm53-flash/runtime/include -I/home/bmarti44/.local/share/uv/python/cpython-3.12.13-linux-aarch64-gnu/include/python3.12 -c -c /home/bmarti44/.cache/glm53-flash/build-source-002/exllamav3/exllamav3/exllamav3_ext/quant/comp_units/exl3_comp_unit_7_cb1.cu -o /home/bmarti44/.cache/glm53-flash/build-source-002/exllamav3/build/temp.linux-aarch64-cpython-312/exllamav3/exllamav3_ext/quant/comp_units/exl3_comp_unit_7_cb1.o -D__CUDA_NO_HALF_OPERATORS__ -D__CUDA_NO_HALF_CONVERSIONS__ -D__CUDA_NO_BFLOAT16_CONVERSIONS__ -D__CUDA_NO_HALF2_OPERATORS__ --expt-relaxed-constexpr --compiler-options ''"'"'-fPIC'"'"'' -lineinfo -O3 --use_fast_math -Xcudafe --diag_suppress=177 -Xcudafe --diag_suppress=20012 -DTORCH_API_INCLUDE_EXTENSION_H -DTORCH_EXTENSION_NAME=exllamav3_ext -gencode=arch=compute_121a,code=sm_121a -std=c++20
[65/129] /usr/local/cuda-13.0/bin/nvcc -MD -MF /home/bmarti44/.cache/glm53-flash/build-source-002/exllamav3/build/temp.linux-aarch64-cpython-312/exllamav3/exllamav3_ext/quant/comp_units/exl3_comp_unit_7_cb2.o.d -I/home/bmarti44/.cache/glm53-flash/runtime/lib/python3.12/site-packages/torch/include -I/home/bmarti44/.cache/glm53-flash/runtime/lib/python3.12/site-packages/torch/include/torch/csrc/api/include -I/usr/local/cuda-13.0/include -I/home/bmarti44/.cache/glm53-flash/runtime/include -I/home/bmarti44/.local/share/uv/python/cpython-3.12.13-linux-aarch64-gnu/include/python3.12 -c -c /home/bmarti44/.cache/glm53-flash/build-source-002/exllamav3/exllamav3/exllamav3_ext/quant/comp_units/exl3_comp_unit_7_cb2.cu -o /home/bmarti44/.cache/glm53-flash/build-source-002/exllamav3/build/temp.linux-aarch64-cpython-312/exllamav3/exllamav3_ext/quant/comp_units/exl3_comp_unit_7_cb2.o -D__CUDA_NO_HALF_OPERATORS__ -D__CUDA_NO_HALF_CONVERSIONS__ -D__CUDA_NO_BFLOAT16_CONVERSIONS__ -D__CUDA_NO_HALF2_OPERATORS__ --expt-relaxed-constexpr --compiler-options ''"'"'-fPIC'"'"'' -lineinfo -O3 --use_fast_math -Xcudafe --diag_suppress=177 -Xcudafe --diag_suppress=20012 -DTORCH_API_INCLUDE_EXTENSION_H -DTORCH_EXTENSION_NAME=exllamav3_ext -gencode=arch=compute_121a,code=sm_121a -std=c++20
[66/129] /usr/local/cuda-13.0/bin/nvcc -MD -MF /home/bmarti44/.cache/glm53-flash/build-source-002/exllamav3/build/temp.linux-aarch64-cpython-312/exllamav3/exllamav3_ext/quant/comp_units/exl3_comp_unit_8_cb0.o.d -I/home/bmarti44/.cache/glm53-flash/runtime/lib/python3.12/site-packages/torch/include -I/home/bmarti44/.cache/glm53-flash/runtime/lib/python3.12/site-packages/torch/include/torch/csrc/api/include -I/usr/local/cuda-13.0/include -I/home/bmarti44/.cache/glm53-flash/runtime/include -I/home/bmarti44/.local/share/uv/python/cpython-3.12.13-linux-aarch64-gnu/include/python3.12 -c -c /home/bmarti44/.cache/glm53-flash/build-source-002/exllamav3/exllamav3/exllamav3_ext/quant/comp_units/exl3_comp_unit_8_cb0.cu -o /home/bmarti44/.cache/glm53-flash/build-source-002/exllamav3/build/temp.linux-aarch64-cpython-312/exllamav3/exllamav3_ext/quant/comp_units/exl3_comp_unit_8_cb0.o -D__CUDA_NO_HALF_OPERATORS__ -D__CUDA_NO_HALF_CONVERSIONS__ -D__CUDA_NO_BFLOAT16_CONVERSIONS__ -D__CUDA_NO_HALF2_OPERATORS__ --expt-relaxed-constexpr --compiler-options ''"'"'-fPIC'"'"'' -lineinfo -O3 --use_fast_math -Xcudafe --diag_suppress=177 -Xcudafe --diag_suppress=20012 -DTORCH_API_INCLUDE_EXTENSION_H -DTORCH_EXTENSION_NAME=exllamav3_ext -gencode=arch=compute_121a,code=sm_121a -std=c++20
[67/129] /usr/local/cuda-13.0/bin/nvcc -MD -MF /home/bmarti44/.cache/glm53-flash/build-source-002/exllamav3/build/temp.linux-aarch64-cpython-312/exllamav3/exllamav3_ext/quant/comp_units/exl3_comp_unit_8_cb1.o.d -I/home/bmarti44/.cache/glm53-flash/runtime/lib/python3.12/site-packages/torch/include -I/home/bmarti44/.cache/glm53-flash/runtime/lib/python3.12/site-packages/torch/include/torch/csrc/api/include -I/usr/local/cuda-13.0/include -I/home/bmarti44/.cache/glm53-flash/runtime/include -I/home/bmarti44/.local/share/uv/python/cpython-3.12.13-linux-aarch64-gnu/include/python3.12 -c -c /home/bmarti44/.cache/glm53-flash/build-source-002/exllamav3/exllamav3/exllamav3_ext/quant/comp_units/exl3_comp_unit_8_cb1.cu -o /home/bmarti44/.cache/glm53-flash/build-source-002/exllamav3/build/temp.linux-aarch64-cpython-312/exllamav3/exllamav3_ext/quant/comp_units/exl3_comp_unit_8_cb1.o -D__CUDA_NO_HALF_OPERATORS__ -D__CUDA_NO_HALF_CONVERSIONS__ -D__CUDA_NO_BFLOAT16_CONVERSIONS__ -D__CUDA_NO_HALF2_OPERATORS__ --expt-relaxed-constexpr --compiler-options ''"'"'-fPIC'"'"'' -lineinfo -O3 --use_fast_math -Xcudafe --diag_suppress=177 -Xcudafe --diag_suppress=20012 -DTORCH_API_INCLUDE_EXTENSION_H -DTORCH_EXTENSION_NAME=exllamav3_ext -gencode=arch=compute_121a,code=sm_121a -std=c++20
[68/129] /usr/local/cuda-13.0/bin/nvcc -MD -MF /home/bmarti44/.cache/glm53-flash/build-source-002/exllamav3/build/temp.linux-aarch64-cpython-312/exllamav3/exllamav3_ext/quant/comp_units/exl3_gemv_int8_inst_coop_k1.o.d -I/home/bmarti44/.cache/glm53-flash/runtime/lib/python3.12/site-packages/torch/include -I/home/bmarti44/.cache/glm53-flash/runtime/lib/python3.12/site-packages/torch/include/torch/csrc/api/include -I/usr/local/cuda-13.0/include -I/home/bmarti44/.cache/glm53-flash/runtime/include -I/home/bmarti44/.local/share/uv/python/cpython-3.12.13-linux-aarch64-gnu/include/python3.12 -c -c /home/bmarti44/.cache/glm53-flash/build-source-002/exllamav3/exllamav3/exllamav3_ext/quant/comp_units/exl3_gemv_int8_inst_coop_k1.cu -o /home/bmarti44/.cache/glm53-flash/build-source-002/exllamav3/build/temp.linux-aarch64-cpython-312/exllamav3/exllamav3_ext/quant/comp_units/exl3_gemv_int8_inst_coop_k1.o -D__CUDA_NO_HALF_OPERATORS__ -D__CUDA_NO_HALF_CONVERSIONS__ -D__CUDA_NO_BFLOAT16_CONVERSIONS__ -D__CUDA_NO_HALF2_OPERATORS__ --expt-relaxed-constexpr --compiler-options ''"'"'-fPIC'"'"'' -lineinfo -O3 --use_fast_math -Xcudafe --diag_suppress=177 -Xcudafe --diag_suppress=20012 -DTORCH_API_INCLUDE_EXTENSION_H -DTORCH_EXTENSION_NAME=exllamav3_ext -gencode=arch=compute_121a,code=sm_121a -std=c++20
[69/129] /usr/local/cuda-13.0/bin/nvcc -MD -MF /home/bmarti44/.cache/glm53-flash/build-source-002/exllamav3/build/temp.linux-aarch64-cpython-312/exllamav3/exllamav3_ext/quant/comp_units/exl3_comp_unit_8_cb2.o.d -I/home/bmarti44/.cache/glm53-flash/runtime/lib/python3.12/site-packages/torch/include -I/home/bmarti44/.cache/glm53-flash/runtime/lib/python3.12/site-packages/torch/include/torch/csrc/api/include -I/usr/local/cuda-13.0/include -I/home/bmarti44/.cache/glm53-flash/runtime/include -I/home/bmarti44/.local/share/uv/python/cpython-3.12.13-linux-aarch64-gnu/include/python3.12 -c -c /home/bmarti44/.cache/glm53-flash/build-source-002/exllamav3/exllamav3/exllamav3_ext/quant/comp_units/exl3_comp_unit_8_cb2.cu -o /home/bmarti44/.cache/glm53-flash/build-source-002/exllamav3/build/temp.linux-aarch64-cpython-312/exllamav3/exllamav3_ext/quant/comp_units/exl3_comp_unit_8_cb2.o -D__CUDA_NO_HALF_OPERATORS__ -D__CUDA_NO_HALF_CONVERSIONS__ -D__CUDA_NO_BFLOAT16_CONVERSIONS__ -D__CUDA_NO_HALF2_OPERATORS__ --expt-relaxed-constexpr --compiler-options ''"'"'-fPIC'"'"'' -lineinfo -O3 --use_fast_math -Xcudafe --diag_suppress=177 -Xcudafe --diag_suppress=20012 -DTORCH_API_INCLUDE_EXTENSION_H -DTORCH_EXTENSION_NAME=exllamav3_ext -gencode=arch=compute_121a,code=sm_121a -std=c++20
[70/129] /usr/local/cuda-13.0/bin/nvcc -MD -MF /home/bmarti44/.cache/glm53-flash/build-source-002/exllamav3/build/temp.linux-aarch64-cpython-312/exllamav3/exllamav3_ext/quant/comp_units/exl3_gemv_int8_inst_coop_k2.o.d -I/home/bmarti44/.cache/glm53-flash/runtime/lib/python3.12/site-packages/torch/include -I/home/bmarti44/.cache/glm53-flash/runtime/lib/python3.12/site-packages/torch/include/torch/csrc/api/include -I/usr/local/cuda-13.0/include -I/home/bmarti44/.cache/glm53-flash/runtime/include -I/home/bmarti44/.local/share/uv/python/cpython-3.12.13-linux-aarch64-gnu/include/python3.12 -c -c /home/bmarti44/.cache/glm53-flash/build-source-002/exllamav3/exllamav3/exllamav3_ext/quant/comp_units/exl3_gemv_int8_inst_coop_k2.cu -o /home/bmarti44/.cache/glm53-flash/build-source-002/exllamav3/build/temp.linux-aarch64-cpython-312/exllamav3/exllamav3_ext/quant/comp_units/exl3_gemv_int8_inst_coop_k2.o -D__CUDA_NO_HALF_OPERATORS__ -D__CUDA_NO_HALF_CONVERSIONS__ -D__CUDA_NO_BFLOAT16_CONVERSIONS__ -D__CUDA_NO_HALF2_OPERATORS__ --expt-relaxed-constexpr --compiler-options ''"'"'-fPIC'"'"'' -lineinfo -O3 --use_fast_math -Xcudafe --diag_suppress=177 -Xcudafe --diag_suppress=20012 -DTORCH_API_INCLUDE_EXTENSION_H -DTORCH_EXTENSION_NAME=exllamav3_ext -gencode=arch=compute_121a,code=sm_121a -std=c++20
[71/129] /usr/local/cuda-13.0/bin/nvcc -MD -MF /home/bmarti44/.cache/glm53-flash/build-source-002/exllamav3/build/temp.linux-aarch64-cpython-312/exllamav3/exllamav3_ext/quant/comp_units/exl3_gemv_int8_inst_coop_k3.o.d -I/home/bmarti44/.cache/glm53-flash/runtime/lib/python3.12/site-packages/torch/include -I/home/bmarti44/.cache/glm53-flash/runtime/lib/python3.12/site-packages/torch/include/torch/csrc/api/include -I/usr/local/cuda-13.0/include -I/home/bmarti44/.cache/glm53-flash/runtime/include -I/home/bmarti44/.local/share/uv/python/cpython-3.12.13-linux-aarch64-gnu/include/python3.12 -c -c /home/bmarti44/.cache/glm53-flash/build-source-002/exllamav3/exllamav3/exllamav3_ext/quant/comp_units/exl3_gemv_int8_inst_coop_k3.cu -o /home/bmarti44/.cache/glm53-flash/build-source-002/exllamav3/build/temp.linux-aarch64-cpython-312/exllamav3/exllamav3_ext/quant/comp_units/exl3_gemv_int8_inst_coop_k3.o -D__CUDA_NO_HALF_OPERATORS__ -D__CUDA_NO_HALF_CONVERSIONS__ -D__CUDA_NO_BFLOAT16_CONVERSIONS__ -D__CUDA_NO_HALF2_OPERATORS__ --expt-relaxed-constexpr --compiler-options ''"'"'-fPIC'"'"'' -lineinfo -O3 --use_fast_math -Xcudafe --diag_suppress=177 -Xcudafe --diag_suppress=20012 -DTORCH_API_INCLUDE_EXTENSION_H -DTORCH_EXTENSION_NAME=exllamav3_ext -gencode=arch=compute_121a,code=sm_121a -std=c++20
[72/129] /usr/local/cuda-13.0/bin/nvcc -MD -MF /home/bmarti44/.cache/glm53-flash/build-source-002/exllamav3/build/temp.linux-aarch64-cpython-312/exllamav3/exllamav3_ext/quant/comp_units/exl3_gemv_int8_inst_coop_k4.o.d -I/home/bmarti44/.cache/glm53-flash/runtime/lib/python3.12/site-packages/torch/include -I/home/bmarti44/.cache/glm53-flash/runtime/lib/python3.12/site-packages/torch/include/torch/csrc/api/include -I/usr/local/cuda-13.0/include -I/home/bmarti44/.cache/glm53-flash/runtime/include -I/home/bmarti44/.local/share/uv/python/cpython-3.12.13-linux-aarch64-gnu/include/python3.12 -c -c /home/bmarti44/.cache/glm53-flash/build-source-002/exllamav3/exllamav3/exllamav3_ext/quant/comp_units/exl3_gemv_int8_inst_coop_k4.cu -o /home/bmarti44/.cache/glm53-flash/build-source-002/exllamav3/build/temp.linux-aarch64-cpython-312/exllamav3/exllamav3_ext/quant/comp_units/exl3_gemv_int8_inst_coop_k4.o -D__CUDA_NO_HALF_OPERATORS__ -D__CUDA_NO_HALF_CONVERSIONS__ -D__CUDA_NO_BFLOAT16_CONVERSIONS__ -D__CUDA_NO_HALF2_OPERATORS__ --expt-relaxed-constexpr --compiler-options ''"'"'-fPIC'"'"'' -lineinfo -O3 --use_fast_math -Xcudafe --diag_suppress=177 -Xcudafe --diag_suppress=20012 -DTORCH_API_INCLUDE_EXTENSION_H -DTORCH_EXTENSION_NAME=exllamav3_ext -gencode=arch=compute_121a,code=sm_121a -std=c++20
[73/129] /usr/local/cuda-13.0/bin/nvcc -MD -MF /home/bmarti44/.cache/glm53-flash/build-source-002/exllamav3/build/temp.linux-aarch64-cpython-312/exllamav3/exllamav3_ext/quant/comp_units/exl3_gemv_int8_inst_coop_k5.o.d -I/home/bmarti44/.cache/glm53-flash/runtime/lib/python3.12/site-packages/torch/include -I/home/bmarti44/.cache/glm53-flash/runtime/lib/python3.12/site-packages/torch/include/torch/csrc/api/include -I/usr/local/cuda-13.0/include -I/home/bmarti44/.cache/glm53-flash/runtime/include -I/home/bmarti44/.local/share/uv/python/cpython-3.12.13-linux-aarch64-gnu/include/python3.12 -c -c /home/bmarti44/.cache/glm53-flash/build-source-002/exllamav3/exllamav3/exllamav3_ext/quant/comp_units/exl3_gemv_int8_inst_coop_k5.cu -o /home/bmarti44/.cache/glm53-flash/build-source-002/exllamav3/build/temp.linux-aarch64-cpython-312/exllamav3/exllamav3_ext/quant/comp_units/exl3_gemv_int8_inst_coop_k5.o -D__CUDA_NO_HALF_OPERATORS__ -D__CUDA_NO_HALF_CONVERSIONS__ -D__CUDA_NO_BFLOAT16_CONVERSIONS__ -D__CUDA_NO_HALF2_OPERATORS__ --expt-relaxed-constexpr --compiler-options ''"'"'-fPIC'"'"'' -lineinfo -O3 --use_fast_math -Xcudafe --diag_suppress=177 -Xcudafe --diag_suppress=20012 -DTORCH_API_INCLUDE_EXTENSION_H -DTORCH_EXTENSION_NAME=exllamav3_ext -gencode=arch=compute_121a,code=sm_121a -std=c++20
[74/129] /usr/local/cuda-13.0/bin/nvcc -MD -MF /home/bmarti44/.cache/glm53-flash/build-source-002/exllamav3/build/temp.linux-aarch64-cpython-312/exllamav3/exllamav3_ext/quant/comp_units/exl3_gemv_int8_inst_coop_k6.o.d -I/home/bmarti44/.cache/glm53-flash/runtime/lib/python3.12/site-packages/torch/include -I/home/bmarti44/.cache/glm53-flash/runtime/lib/python3.12/site-packages/torch/include/torch/csrc/api/include -I/usr/local/cuda-13.0/include -I/home/bmarti44/.cache/glm53-flash/runtime/include -I/home/bmarti44/.local/share/uv/python/cpython-3.12.13-linux-aarch64-gnu/include/python3.12 -c -c /home/bmarti44/.cache/glm53-flash/build-source-002/exllamav3/exllamav3/exllamav3_ext/quant/comp_units/exl3_gemv_int8_inst_coop_k6.cu -o /home/bmarti44/.cache/glm53-flash/build-source-002/exllamav3/build/temp.linux-aarch64-cpython-312/exllamav3/exllamav3_ext/quant/comp_units/exl3_gemv_int8_inst_coop_k6.o -D__CUDA_NO_HALF_OPERATORS__ -D__CUDA_NO_HALF_CONVERSIONS__ -D__CUDA_NO_BFLOAT16_CONVERSIONS__ -D__CUDA_NO_HALF2_OPERATORS__ --expt-relaxed-constexpr --compiler-options ''"'"'-fPIC'"'"'' -lineinfo -O3 --use_fast_math -Xcudafe --diag_suppress=177 -Xcudafe --diag_suppress=20012 -DTORCH_API_INCLUDE_EXTENSION_H -DTORCH_EXTENSION_NAME=exllamav3_ext -gencode=arch=compute_121a,code=sm_121a -std=c++20
[75/129] /usr/local/cuda-13.0/bin/nvcc -MD -MF /home/bmarti44/.cache/glm53-flash/build-source-002/exllamav3/build/temp.linux-aarch64-cpython-312/exllamav3/exllamav3_ext/quant/comp_units/exl3_gemv_int8_inst_coop_k7.o.d -I/home/bmarti44/.cache/glm53-flash/runtime/lib/python3.12/site-packages/torch/include -I/home/bmarti44/.cache/glm53-flash/runtime/lib/python3.12/site-packages/torch/include/torch/csrc/api/include -I/usr/local/cuda-13.0/include -I/home/bmarti44/.cache/glm53-flash/runtime/include -I/home/bmarti44/.local/share/uv/python/cpython-3.12.13-linux-aarch64-gnu/include/python3.12 -c -c /home/bmarti44/.cache/glm53-flash/build-source-002/exllamav3/exllamav3/exllamav3_ext/quant/comp_units/exl3_gemv_int8_inst_coop_k7.cu -o /home/bmarti44/.cache/glm53-flash/build-source-002/exllamav3/build/temp.linux-aarch64-cpython-312/exllamav3/exllamav3_ext/quant/comp_units/exl3_gemv_int8_inst_coop_k7.o -D__CUDA_NO_HALF_OPERATORS__ -D__CUDA_NO_HALF_CONVERSIONS__ -D__CUDA_NO_BFLOAT16_CONVERSIONS__ -D__CUDA_NO_HALF2_OPERATORS__ --expt-relaxed-constexpr --compiler-options ''"'"'-fPIC'"'"'' -lineinfo -O3 --use_fast_math -Xcudafe --diag_suppress=177 -Xcudafe --diag_suppress=20012 -DTORCH_API_INCLUDE_EXTENSION_H -DTORCH_EXTENSION_NAME=exllamav3_ext -gencode=arch=compute_121a,code=sm_121a -std=c++20
[76/129] /usr/local/cuda-13.0/bin/nvcc -MD -MF /home/bmarti44/.cache/glm53-flash/build-source-002/exllamav3/build/temp.linux-aarch64-cpython-312/exllamav3/exllamav3_ext/quant/comp_units/exl3_gemv_int8_inst_coop_k8.o.d -I/home/bmarti44/.cache/glm53-flash/runtime/lib/python3.12/site-packages/torch/include -I/home/bmarti44/.cache/glm53-flash/runtime/lib/python3.12/site-packages/torch/include/torch/csrc/api/include -I/usr/local/cuda-13.0/include -I/home/bmarti44/.cache/glm53-flash/runtime/include -I/home/bmarti44/.local/share/uv/python/cpython-3.12.13-linux-aarch64-gnu/include/python3.12 -c -c /home/bmarti44/.cache/glm53-flash/build-source-002/exllamav3/exllamav3/exllamav3_ext/quant/comp_units/exl3_gemv_int8_inst_coop_k8.cu -o /home/bmarti44/.cache/glm53-flash/build-source-002/exllamav3/build/temp.linux-aarch64-cpython-312/exllamav3/exllamav3_ext/quant/comp_units/exl3_gemv_int8_inst_coop_k8.o -D__CUDA_NO_HALF_OPERATORS__ -D__CUDA_NO_HALF_CONVERSIONS__ -D__CUDA_NO_BFLOAT16_CONVERSIONS__ -D__CUDA_NO_HALF2_OPERATORS__ --expt-relaxed-constexpr --compiler-options ''"'"'-fPIC'"'"'' -lineinfo -O3 --use_fast_math -Xcudafe --diag_suppress=177 -Xcudafe --diag_suppress=20012 -DTORCH_API_INCLUDE_EXTENSION_H -DTORCH_EXTENSION_NAME=exllamav3_ext -gencode=arch=compute_121a,code=sm_121a -std=c++20
[77/129] /usr/local/cuda-13.0/bin/nvcc -MD -MF /home/bmarti44/.cache/glm53-flash/build-source-002/exllamav3/build/temp.linux-aarch64-cpython-312/exllamav3/exllamav3_ext/quant/comp_units/exl3_gemv_int8_inst_sq_k1.o.d -I/home/bmarti44/.cache/glm53-flash/runtime/lib/python3.12/site-packages/torch/include -I/home/bmarti44/.cache/glm53-flash/runtime/lib/python3.12/site-packages/torch/include/torch/csrc/api/include -I/usr/local/cuda-13.0/include -I/home/bmarti44/.cache/glm53-flash/runtime/include -I/home/bmarti44/.local/share/uv/python/cpython-3.12.13-linux-aarch64-gnu/include/python3.12 -c -c /home/bmarti44/.cache/glm53-flash/build-source-002/exllamav3/exllamav3/exllamav3_ext/quant/comp_units/exl3_gemv_int8_inst_sq_k1.cu -o /home/bmarti44/.cache/glm53-flash/build-source-002/exllamav3/build/temp.linux-aarch64-cpython-312/exllamav3/exllamav3_ext/quant/comp_units/exl3_gemv_int8_inst_sq_k1.o -D__CUDA_NO_HALF_OPERATORS__ -D__CUDA_NO_HALF_CONVERSIONS__ -D__CUDA_NO_BFLOAT16_CONVERSIONS__ -D__CUDA_NO_HALF2_OPERATORS__ --expt-relaxed-constexpr --compiler-options ''"'"'-fPIC'"'"'' -lineinfo -O3 --use_fast_math -Xcudafe --diag_suppress=177 -Xcudafe --diag_suppress=20012 -DTORCH_API_INCLUDE_EXTENSION_H -DTORCH_EXTENSION_NAME=exllamav3_ext -gencode=arch=compute_121a,code=sm_121a -std=c++20
[78/129] /usr/local/cuda-13.0/bin/nvcc -MD -MF /home/bmarti44/.cache/glm53-flash/build-source-002/exllamav3/build/temp.linux-aarch64-cpython-312/exllamav3/exllamav3_ext/quant/comp_units/exl3_gemv_int8_inst_sq_k2.o.d -I/home/bmarti44/.cache/glm53-flash/runtime/lib/python3.12/site-packages/torch/include -I/home/bmarti44/.cache/glm53-flash/runtime/lib/python3.12/site-packages/torch/include/torch/csrc/api/include -I/usr/local/cuda-13.0/include -I/home/bmarti44/.cache/glm53-flash/runtime/include -I/home/bmarti44/.local/share/uv/python/cpython-3.12.13-linux-aarch64-gnu/include/python3.12 -c -c /home/bmarti44/.cache/glm53-flash/build-source-002/exllamav3/exllamav3/exllamav3_ext/quant/comp_units/exl3_gemv_int8_inst_sq_k2.cu -o /home/bmarti44/.cache/glm53-flash/build-source-002/exllamav3/build/temp.linux-aarch64-cpython-312/exllamav3/exllamav3_ext/quant/comp_units/exl3_gemv_int8_inst_sq_k2.o -D__CUDA_NO_HALF_OPERATORS__ -D__CUDA_NO_HALF_CONVERSIONS__ -D__CUDA_NO_BFLOAT16_CONVERSIONS__ -D__CUDA_NO_HALF2_OPERATORS__ --expt-relaxed-constexpr --compiler-options ''"'"'-fPIC'"'"'' -lineinfo -O3 --use_fast_math -Xcudafe --diag_suppress=177 -Xcudafe --diag_suppress=20012 -DTORCH_API_INCLUDE_EXTENSION_H -DTORCH_EXTENSION_NAME=exllamav3_ext -gencode=arch=compute_121a,code=sm_121a -std=c++20
[79/129] /usr/local/cuda-13.0/bin/nvcc -MD -MF /home/bmarti44/.cache/glm53-flash/build-source-002/exllamav3/build/temp.linux-aarch64-cpython-312/exllamav3/exllamav3_ext/quant/comp_units/exl3_gemv_int8_inst_sq_k3.o.d -I/home/bmarti44/.cache/glm53-flash/runtime/lib/python3.12/site-packages/torch/include -I/home/bmarti44/.cache/glm53-flash/runtime/lib/python3.12/site-packages/torch/include/torch/csrc/api/include -I/usr/local/cuda-13.0/include -I/home/bmarti44/.cache/glm53-flash/runtime/include -I/home/bmarti44/.local/share/uv/python/cpython-3.12.13-linux-aarch64-gnu/include/python3.12 -c -c /home/bmarti44/.cache/glm53-flash/build-source-002/exllamav3/exllamav3/exllamav3_ext/quant/comp_units/exl3_gemv_int8_inst_sq_k3.cu -o /home/bmarti44/.cache/glm53-flash/build-source-002/exllamav3/build/temp.linux-aarch64-cpython-312/exllamav3/exllamav3_ext/quant/comp_units/exl3_gemv_int8_inst_sq_k3.o -D__CUDA_NO_HALF_OPERATORS__ -D__CUDA_NO_HALF_CONVERSIONS__ -D__CUDA_NO_BFLOAT16_CONVERSIONS__ -D__CUDA_NO_HALF2_OPERATORS__ --expt-relaxed-constexpr --compiler-options ''"'"'-fPIC'"'"'' -lineinfo -O3 --use_fast_math -Xcudafe --diag_suppress=177 -Xcudafe --diag_suppress=20012 -DTORCH_API_INCLUDE_EXTENSION_H -DTORCH_EXTENSION_NAME=exllamav3_ext -gencode=arch=compute_121a,code=sm_121a -std=c++20
[80/129] /usr/local/cuda-13.0/bin/nvcc -MD -MF /home/bmarti44/.cache/glm53-flash/build-source-002/exllamav3/build/temp.linux-aarch64-cpython-312/exllamav3/exllamav3_ext/quant/comp_units/exl3_gemv_int8_inst_sq_k4.o.d -I/home/bmarti44/.cache/glm53-flash/runtime/lib/python3.12/site-packages/torch/include -I/home/bmarti44/.cache/glm53-flash/runtime/lib/python3.12/site-packages/torch/include/torch/csrc/api/include -I/usr/local/cuda-13.0/include -I/home/bmarti44/.cache/glm53-flash/runtime/include -I/home/bmarti44/.local/share/uv/python/cpython-3.12.13-linux-aarch64-gnu/include/python3.12 -c -c /home/bmarti44/.cache/glm53-flash/build-source-002/exllamav3/exllamav3/exllamav3_ext/quant/comp_units/exl3_gemv_int8_inst_sq_k4.cu -o /home/bmarti44/.cache/glm53-flash/build-source-002/exllamav3/build/temp.linux-aarch64-cpython-312/exllamav3/exllamav3_ext/quant/comp_units/exl3_gemv_int8_inst_sq_k4.o -D__CUDA_NO_HALF_OPERATORS__ -D__CUDA_NO_HALF_CONVERSIONS__ -D__CUDA_NO_BFLOAT16_CONVERSIONS__ -D__CUDA_NO_HALF2_OPERATORS__ --expt-relaxed-constexpr --compiler-options ''"'"'-fPIC'"'"'' -lineinfo -O3 --use_fast_math -Xcudafe --diag_suppress=177 -Xcudafe --diag_suppress=20012 -DTORCH_API_INCLUDE_EXTENSION_H -DTORCH_EXTENSION_NAME=exllamav3_ext -gencode=arch=compute_121a,code=sm_121a -std=c++20
[81/129] /usr/local/cuda-13.0/bin/nvcc -MD -MF /home/bmarti44/.cache/glm53-flash/build-source-002/exllamav3/build/temp.linux-aarch64-cpython-312/exllamav3/exllamav3_ext/quant/comp_units/exl3_gemv_int8_inst_sq_k5.o.d -I/home/bmarti44/.cache/glm53-flash/runtime/lib/python3.12/site-packages/torch/include -I/home/bmarti44/.cache/glm53-flash/runtime/lib/python3.12/site-packages/torch/include/torch/csrc/api/include -I/usr/local/cuda-13.0/include -I/home/bmarti44/.cache/glm53-flash/runtime/include -I/home/bmarti44/.local/share/uv/python/cpython-3.12.13-linux-aarch64-gnu/include/python3.12 -c -c /home/bmarti44/.cache/glm53-flash/build-source-002/exllamav3/exllamav3/exllamav3_ext/quant/comp_units/exl3_gemv_int8_inst_sq_k5.cu -o /home/bmarti44/.cache/glm53-flash/build-source-002/exllamav3/build/temp.linux-aarch64-cpython-312/exllamav3/exllamav3_ext/quant/comp_units/exl3_gemv_int8_inst_sq_k5.o -D__CUDA_NO_HALF_OPERATORS__ -D__CUDA_NO_HALF_CONVERSIONS__ -D__CUDA_NO_BFLOAT16_CONVERSIONS__ -D__CUDA_NO_HALF2_OPERATORS__ --expt-relaxed-constexpr --compiler-options ''"'"'-fPIC'"'"'' -lineinfo -O3 --use_fast_math -Xcudafe --diag_suppress=177 -Xcudafe --diag_suppress=20012 -DTORCH_API_INCLUDE_EXTENSION_H -DTORCH_EXTENSION_NAME=exllamav3_ext -gencode=arch=compute_121a,code=sm_121a -std=c++20
[82/129] /usr/local/cuda-13.0/bin/nvcc -MD -MF /home/bmarti44/.cache/glm53-flash/build-source-002/exllamav3/build/temp.linux-aarch64-cpython-312/exllamav3/exllamav3_ext/quant/comp_units/exl3_gemv_int8_inst_sq_k6.o.d -I/home/bmarti44/.cache/glm53-flash/runtime/lib/python3.12/site-packages/torch/include -I/home/bmarti44/.cache/glm53-flash/runtime/lib/python3.12/site-packages/torch/include/torch/csrc/api/include -I/usr/local/cuda-13.0/include -I/home/bmarti44/.cache/glm53-flash/runtime/include -I/home/bmarti44/.local/share/uv/python/cpython-3.12.13-linux-aarch64-gnu/include/python3.12 -c -c /home/bmarti44/.cache/glm53-flash/build-source-002/exllamav3/exllamav3/exllamav3_ext/quant/comp_units/exl3_gemv_int8_inst_sq_k6.cu -o /home/bmarti44/.cache/glm53-flash/build-source-002/exllamav3/build/temp.linux-aarch64-cpython-312/exllamav3/exllamav3_ext/quant/comp_units/exl3_gemv_int8_inst_sq_k6.o -D__CUDA_NO_HALF_OPERATORS__ -D__CUDA_NO_HALF_CONVERSIONS__ -D__CUDA_NO_BFLOAT16_CONVERSIONS__ -D__CUDA_NO_HALF2_OPERATORS__ --expt-relaxed-constexpr --compiler-options ''"'"'-fPIC'"'"'' -lineinfo -O3 --use_fast_math -Xcudafe --diag_suppress=177 -Xcudafe --diag_suppress=20012 -DTORCH_API_INCLUDE_EXTENSION_H -DTORCH_EXTENSION_NAME=exllamav3_ext -gencode=arch=compute_121a,code=sm_121a -std=c++20
[83/129] /usr/local/cuda-13.0/bin/nvcc -MD -MF /home/bmarti44/.cache/glm53-flash/build-source-002/exllamav3/build/temp.linux-aarch64-cpython-312/exllamav3/exllamav3_ext/quant/comp_units/exl3_moe_inst_k0_n128_cb1.o.d -I/home/bmarti44/.cache/glm53-flash/runtime/lib/python3.12/site-packages/torch/include -I/home/bmarti44/.cache/glm53-flash/runtime/lib/python3.12/site-packages/torch/include/torch/csrc/api/include -I/usr/local/cuda-13.0/include -I/home/bmarti44/.cache/glm53-flash/runtime/include -I/home/bmarti44/.local/share/uv/python/cpython-3.12.13-linux-aarch64-gnu/include/python3.12 -c -c /home/bmarti44/.cache/glm53-flash/build-source-002/exllamav3/exllamav3/exllamav3_ext/quant/comp_units/exl3_moe_inst_k0_n128_cb1.cu -o /home/bmarti44/.cache/glm53-flash/build-source-002/exllamav3/build/temp.linux-aarch64-cpython-312/exllamav3/exllamav3_ext/quant/comp_units/exl3_moe_inst_k0_n128_cb1.o -D__CUDA_NO_HALF_OPERATORS__ -D__CUDA_NO_HALF_CONVERSIONS__ -D__CUDA_NO_BFLOAT16_CONVERSIONS__ -D__CUDA_NO_HALF2_OPERATORS__ --expt-relaxed-constexpr --compiler-options ''"'"'-fPIC'"'"'' -lineinfo -O3 --use_fast_math -Xcudafe --diag_suppress=177 -Xcudafe --diag_suppress=20012 -DTORCH_API_INCLUDE_EXTENSION_H -DTORCH_EXTENSION_NAME=exllamav3_ext -gencode=arch=compute_121a,code=sm_121a -std=c++20
[84/129] /usr/local/cuda-13.0/bin/nvcc -MD -MF /home/bmarti44/.cache/glm53-flash/build-source-002/exllamav3/build/temp.linux-aarch64-cpython-312/exllamav3/exllamav3_ext/quant/comp_units/exl3_moe_inst_k0_n128_cb2.o.d -I/home/bmarti44/.cache/glm53-flash/runtime/lib/python3.12/site-packages/torch/include -I/home/bmarti44/.cache/glm53-flash/runtime/lib/python3.12/site-packages/torch/include/torch/csrc/api/include -I/usr/local/cuda-13.0/include -I/home/bmarti44/.cache/glm53-flash/runtime/include -I/home/bmarti44/.local/share/uv/python/cpython-3.12.13-linux-aarch64-gnu/include/python3.12 -c -c /home/bmarti44/.cache/glm53-flash/build-source-002/exllamav3/exllamav3/exllamav3_ext/quant/comp_units/exl3_moe_inst_k0_n128_cb2.cu -o /home/bmarti44/.cache/glm53-flash/build-source-002/exllamav3/build/temp.linux-aarch64-cpython-312/exllamav3/exllamav3_ext/quant/comp_units/exl3_moe_inst_k0_n128_cb2.o -D__CUDA_NO_HALF_OPERATORS__ -D__CUDA_NO_HALF_CONVERSIONS__ -D__CUDA_NO_BFLOAT16_CONVERSIONS__ -D__CUDA_NO_HALF2_OPERATORS__ --expt-relaxed-constexpr --compiler-options ''"'"'-fPIC'"'"'' -lineinfo -O3 --use_fast_math -Xcudafe --diag_suppress=177 -Xcudafe --diag_suppress=20012 -DTORCH_API_INCLUDE_EXTENSION_H -DTORCH_EXTENSION_NAME=exllamav3_ext -gencode=arch=compute_121a,code=sm_121a -std=c++20
[85/129] /usr/local/cuda-13.0/bin/nvcc -MD -MF /home/bmarti44/.cache/glm53-flash/build-source-002/exllamav3/build/temp.linux-aarch64-cpython-312/exllamav3/exllamav3_ext/quant/comp_units/exl3_moe_inst_k0_n256_cb1.o.d -I/home/bmarti44/.cache/glm53-flash/runtime/lib/python3.12/site-packages/torch/include -I/home/bmarti44/.cache/glm53-flash/runtime/lib/python3.12/site-packages/torch/include/torch/csrc/api/include -I/usr/local/cuda-13.0/include -I/home/bmarti44/.cache/glm53-flash/runtime/include -I/home/bmarti44/.local/share/uv/python/cpython-3.12.13-linux-aarch64-gnu/include/python3.12 -c -c /home/bmarti44/.cache/glm53-flash/build-source-002/exllamav3/exllamav3/exllamav3_ext/quant/comp_units/exl3_moe_inst_k0_n256_cb1.cu -o /home/bmarti44/.cache/glm53-flash/build-source-002/exllamav3/build/temp.linux-aarch64-cpython-312/exllamav3/exllamav3_ext/quant/comp_units/exl3_moe_inst_k0_n256_cb1.o -D__CUDA_NO_HALF_OPERATORS__ -D__CUDA_NO_HALF_CONVERSIONS__ -D__CUDA_NO_BFLOAT16_CONVERSIONS__ -D__CUDA_NO_HALF2_OPERATORS__ --expt-relaxed-constexpr --compiler-options ''"'"'-fPIC'"'"'' -lineinfo -O3 --use_fast_math -Xcudafe --diag_suppress=177 -Xcudafe --diag_suppress=20012 -DTORCH_API_INCLUDE_EXTENSION_H -DTORCH_EXTENSION_NAME=exllamav3_ext -gencode=arch=compute_121a,code=sm_121a -std=c++20
[86/129] /usr/local/cuda-13.0/bin/nvcc -MD -MF /home/bmarti44/.cache/glm53-flash/build-source-002/exllamav3/build/temp.linux-aarch64-cpython-312/exllamav3/exllamav3_ext/quant/comp_units/exl3_moe_inst_k0_n256_cb2.o.d -I/home/bmarti44/.cache/glm53-flash/runtime/lib/python3.12/site-packages/torch/include -I/home/bmarti44/.cache/glm53-flash/runtime/lib/python3.12/site-packages/torch/include/torch/csrc/api/include -I/usr/local/cuda-13.0/include -I/home/bmarti44/.cache/glm53-flash/runtime/include -I/home/bmarti44/.local/share/uv/python/cpython-3.12.13-linux-aarch64-gnu/include/python3.12 -c -c /home/bmarti44/.cache/glm53-flash/build-source-002/exllamav3/exllamav3/exllamav3_ext/quant/comp_units/exl3_moe_inst_k0_n256_cb2.cu -o /home/bmarti44/.cache/glm53-flash/build-source-002/exllamav3/build/temp.linux-aarch64-cpython-312/exllamav3/exllamav3_ext/quant/comp_units/exl3_moe_inst_k0_n256_cb2.o -D__CUDA_NO_HALF_OPERATORS__ -D__CUDA_NO_HALF_CONVERSIONS__ -D__CUDA_NO_BFLOAT16_CONVERSIONS__ -D__CUDA_NO_HALF2_OPERATORS__ --expt-relaxed-constexpr --compiler-options ''"'"'-fPIC'"'"'' -lineinfo -O3 --use_fast_math -Xcudafe --diag_suppress=177 -Xcudafe --diag_suppress=20012 -DTORCH_API_INCLUDE_EXTENSION_H -DTORCH_EXTENSION_NAME=exllamav3_ext -gencode=arch=compute_121a,code=sm_121a -std=c++20
[87/129] /usr/local/cuda-13.0/bin/nvcc -MD -MF /home/bmarti44/.cache/glm53-flash/build-source-002/exllamav3/build/temp.linux-aarch64-cpython-312/exllamav3/exllamav3_ext/quant/comp_units/exl3_moe_inst_k1_cb1.o.d -I/home/bmarti44/.cache/glm53-flash/runtime/lib/python3.12/site-packages/torch/include -I/home/bmarti44/.cache/glm53-flash/runtime/lib/python3.12/site-packages/torch/include/torch/csrc/api/include -I/usr/local/cuda-13.0/include -I/home/bmarti44/.cache/glm53-flash/runtime/include -I/home/bmarti44/.local/share/uv/python/cpython-3.12.13-linux-aarch64-gnu/include/python3.12 -c -c /home/bmarti44/.cache/glm53-flash/build-source-002/exllamav3/exllamav3/exllamav3_ext/quant/comp_units/exl3_moe_inst_k1_cb1.cu -o /home/bmarti44/.cache/glm53-flash/build-source-002/exllamav3/build/temp.linux-aarch64-cpython-312/exllamav3/exllamav3_ext/quant/comp_units/exl3_moe_inst_k1_cb1.o -D__CUDA_NO_HALF_OPERATORS__ -D__CUDA_NO_HALF_CONVERSIONS__ -D__CUDA_NO_BFLOAT16_CONVERSIONS__ -D__CUDA_NO_HALF2_OPERATORS__ --expt-relaxed-constexpr --compiler-options ''"'"'-fPIC'"'"'' -lineinfo -O3 --use_fast_math -Xcudafe --diag_suppress=177 -Xcudafe --diag_suppress=20012 -DTORCH_API_INCLUDE_EXTENSION_H -DTORCH_EXTENSION_NAME=exllamav3_ext -gencode=arch=compute_121a,code=sm_121a -std=c++20
[88/129] /usr/local/cuda-13.0/bin/nvcc -MD -MF /home/bmarti44/.cache/glm53-flash/build-source-002/exllamav3/build/temp.linux-aarch64-cpython-312/exllamav3/exllamav3_ext/quant/comp_units/exl3_moe_inst_k1_cb2.o.d -I/home/bmarti44/.cache/glm53-flash/runtime/lib/python3.12/site-packages/torch/include -I/home/bmarti44/.cache/glm53-flash/runtime/lib/python3.12/site-packages/torch/include/torch/csrc/api/include -I/usr/local/cuda-13.0/include -I/home/bmarti44/.cache/glm53-flash/runtime/include -I/home/bmarti44/.local/share/uv/python/cpython-3.12.13-linux-aarch64-gnu/include/python3.12 -c -c /home/bmarti44/.cache/glm53-flash/build-source-002/exllamav3/exllamav3/exllamav3_ext/quant/comp_units/exl3_moe_inst_k1_cb2.cu -o /home/bmarti44/.cache/glm53-flash/build-source-002/exllamav3/build/temp.linux-aarch64-cpython-312/exllamav3/exllamav3_ext/quant/comp_units/exl3_moe_inst_k1_cb2.o -D__CUDA_NO_HALF_OPERATORS__ -D__CUDA_NO_HALF_CONVERSIONS__ -D__CUDA_NO_BFLOAT16_CONVERSIONS__ -D__CUDA_NO_HALF2_OPERATORS__ --expt-relaxed-constexpr --compiler-options ''"'"'-fPIC'"'"'' -lineinfo -O3 --use_fast_math -Xcudafe --diag_suppress=177 -Xcudafe --diag_suppress=20012 -DTORCH_API_INCLUDE_EXTENSION_H -DTORCH_EXTENSION_NAME=exllamav3_ext -gencode=arch=compute_121a,code=sm_121a -std=c++20
[89/129] /usr/local/cuda-13.0/bin/nvcc -MD -MF /home/bmarti44/.cache/glm53-flash/build-source-002/exllamav3/build/temp.linux-aarch64-cpython-312/exllamav3/exllamav3_ext/quant/comp_units/exl3_moe_inst_k2_cb1.o.d -I/home/bmarti44/.cache/glm53-flash/runtime/lib/python3.12/site-packages/torch/include -I/home/bmarti44/.cache/glm53-flash/runtime/lib/python3.12/site-packages/torch/include/torch/csrc/api/include -I/usr/local/cuda-13.0/include -I/home/bmarti44/.cache/glm53-flash/runtime/include -I/home/bmarti44/.local/share/uv/python/cpython-3.12.13-linux-aarch64-gnu/include/python3.12 -c -c /home/bmarti44/.cache/glm53-flash/build-source-002/exllamav3/exllamav3/exllamav3_ext/quant/comp_units/exl3_moe_inst_k2_cb1.cu -o /home/bmarti44/.cache/glm53-flash/build-source-002/exllamav3/build/temp.linux-aarch64-cpython-312/exllamav3/exllamav3_ext/quant/comp_units/exl3_moe_inst_k2_cb1.o -D__CUDA_NO_HALF_OPERATORS__ -D__CUDA_NO_HALF_CONVERSIONS__ -D__CUDA_NO_BFLOAT16_CONVERSIONS__ -D__CUDA_NO_HALF2_OPERATORS__ --expt-relaxed-constexpr --compiler-options ''"'"'-fPIC'"'"'' -lineinfo -O3 --use_fast_math -Xcudafe --diag_suppress=177 -Xcudafe --diag_suppress=20012 -DTORCH_API_INCLUDE_EXTENSION_H -DTORCH_EXTENSION_NAME=exllamav3_ext -gencode=arch=compute_121a,code=sm_121a -std=c++20
[90/129] /usr/local/cuda-13.0/bin/nvcc -MD -MF /home/bmarti44/.cache/glm53-flash/build-source-002/exllamav3/build/temp.linux-aarch64-cpython-312/exllamav3/exllamav3_ext/quant/comp_units/exl3_moe_inst_k2_cb2.o.d -I/home/bmarti44/.cache/glm53-flash/runtime/lib/python3.12/site-packages/torch/include -I/home/bmarti44/.cache/glm53-flash/runtime/lib/python3.12/site-packages/torch/include/torch/csrc/api/include -I/usr/local/cuda-13.0/include -I/home/bmarti44/.cache/glm53-flash/runtime/include -I/home/bmarti44/.local/share/uv/python/cpython-3.12.13-linux-aarch64-gnu/include/python3.12 -c -c /home/bmarti44/.cache/glm53-flash/build-source-002/exllamav3/exllamav3/exllamav3_ext/quant/comp_units/exl3_moe_inst_k2_cb2.cu -o /home/bmarti44/.cache/glm53-flash/build-source-002/exllamav3/build/temp.linux-aarch64-cpython-312/exllamav3/exllamav3_ext/quant/comp_units/exl3_moe_inst_k2_cb2.o -D__CUDA_NO_HALF_OPERATORS__ -D__CUDA_NO_HALF_CONVERSIONS__ -D__CUDA_NO_BFLOAT16_CONVERSIONS__ -D__CUDA_NO_HALF2_OPERATORS__ --expt-relaxed-constexpr --compiler-options ''"'"'-fPIC'"'"'' -lineinfo -O3 --use_fast_math -Xcudafe --diag_suppress=177 -Xcudafe --diag_suppress=20012 -DTORCH_API_INCLUDE_EXTENSION_H -DTORCH_EXTENSION_NAME=exllamav3_ext -gencode=arch=compute_121a,code=sm_121a -std=c++20
[91/129] /usr/local/cuda-13.0/bin/nvcc -MD -MF /home/bmarti44/.cache/glm53-flash/build-source-002/exllamav3/build/temp.linux-aarch64-cpython-312/exllamav3/exllamav3_ext/quant/comp_units/exl3_moe_inst_k3_cb1.o.d -I/home/bmarti44/.cache/glm53-flash/runtime/lib/python3.12/site-packages/torch/include -I/home/bmarti44/.cache/glm53-flash/runtime/lib/python3.12/site-packages/torch/include/torch/csrc/api/include -I/usr/local/cuda-13.0/include -I/home/bmarti44/.cache/glm53-flash/runtime/include -I/home/bmarti44/.local/share/uv/python/cpython-3.12.13-linux-aarch64-gnu/include/python3.12 -c -c /home/bmarti44/.cache/glm53-flash/build-source-002/exllamav3/exllamav3/exllamav3_ext/quant/comp_units/exl3_moe_inst_k3_cb1.cu -o /home/bmarti44/.cache/glm53-flash/build-source-002/exllamav3/build/temp.linux-aarch64-cpython-312/exllamav3/exllamav3_ext/quant/comp_units/exl3_moe_inst_k3_cb1.o -D__CUDA_NO_HALF_OPERATORS__ -D__CUDA_NO_HALF_CONVERSIONS__ -D__CUDA_NO_BFLOAT16_CONVERSIONS__ -D__CUDA_NO_HALF2_OPERATORS__ --expt-relaxed-constexpr --compiler-options ''"'"'-fPIC'"'"'' -lineinfo -O3 --use_fast_math -Xcudafe --diag_suppress=177 -Xcudafe --diag_suppress=20012 -DTORCH_API_INCLUDE_EXTENSION_H -DTORCH_EXTENSION_NAME=exllamav3_ext -gencode=arch=compute_121a,code=sm_121a -std=c++20
[92/129] /usr/local/cuda-13.0/bin/nvcc -MD -MF /home/bmarti44/.cache/glm53-flash/build-source-002/exllamav3/build/temp.linux-aarch64-cpython-312/exllamav3/exllamav3_ext/quant/comp_units/exl3_moe_inst_k3_cb2.o.d -I/home/bmarti44/.cache/glm53-flash/runtime/lib/python3.12/site-packages/torch/include -I/home/bmarti44/.cache/glm53-flash/runtime/lib/python3.12/site-packages/torch/include/torch/csrc/api/include -I/usr/local/cuda-13.0/include -I/home/bmarti44/.cache/glm53-flash/runtime/include -I/home/bmarti44/.local/share/uv/python/cpython-3.12.13-linux-aarch64-gnu/include/python3.12 -c -c /home/bmarti44/.cache/glm53-flash/build-source-002/exllamav3/exllamav3/exllamav3_ext/quant/comp_units/exl3_moe_inst_k3_cb2.cu -o /home/bmarti44/.cache/glm53-flash/build-source-002/exllamav3/build/temp.linux-aarch64-cpython-312/exllamav3/exllamav3_ext/quant/comp_units/exl3_moe_inst_k3_cb2.o -D__CUDA_NO_HALF_OPERATORS__ -D__CUDA_NO_HALF_CONVERSIONS__ -D__CUDA_NO_BFLOAT16_CONVERSIONS__ -D__CUDA_NO_HALF2_OPERATORS__ --expt-relaxed-constexpr --compiler-options ''"'"'-fPIC'"'"'' -lineinfo -O3 --use_fast_math -Xcudafe --diag_suppress=177 -Xcudafe --diag_suppress=20012 -DTORCH_API_INCLUDE_EXTENSION_H -DTORCH_EXTENSION_NAME=exllamav3_ext -gencode=arch=compute_121a,code=sm_121a -std=c++20
[93/129] /usr/local/cuda-13.0/bin/nvcc -MD -MF /home/bmarti44/.cache/glm53-flash/build-source-002/exllamav3/build/temp.linux-aarch64-cpython-312/exllamav3/exllamav3_ext/quant/comp_units/exl3_moe_inst_k4_cb1.o.d -I/home/bmarti44/.cache/glm53-flash/runtime/lib/python3.12/site-packages/torch/include -I/home/bmarti44/.cache/glm53-flash/runtime/lib/python3.12/site-packages/torch/include/torch/csrc/api/include -I/usr/local/cuda-13.0/include -I/home/bmarti44/.cache/glm53-flash/runtime/include -I/home/bmarti44/.local/share/uv/python/cpython-3.12.13-linux-aarch64-gnu/include/python3.12 -c -c /home/bmarti44/.cache/glm53-flash/build-source-002/exllamav3/exllamav3/exllamav3_ext/quant/comp_units/exl3_moe_inst_k4_cb1.cu -o /home/bmarti44/.cache/glm53-flash/build-source-002/exllamav3/build/temp.linux-aarch64-cpython-312/exllamav3/exllamav3_ext/quant/comp_units/exl3_moe_inst_k4_cb1.o -D__CUDA_NO_HALF_OPERATORS__ -D__CUDA_NO_HALF_CONVERSIONS__ -D__CUDA_NO_BFLOAT16_CONVERSIONS__ -D__CUDA_NO_HALF2_OPERATORS__ --expt-relaxed-constexpr --compiler-options ''"'"'-fPIC'"'"'' -lineinfo -O3 --use_fast_math -Xcudafe --diag_suppress=177 -Xcudafe --diag_suppress=20012 -DTORCH_API_INCLUDE_EXTENSION_H -DTORCH_EXTENSION_NAME=exllamav3_ext -gencode=arch=compute_121a,code=sm_121a -std=c++20
[94/129] /usr/local/cuda-13.0/bin/nvcc -MD -MF /home/bmarti44/.cache/glm53-flash/build-source-002/exllamav3/build/temp.linux-aarch64-cpython-312/exllamav3/exllamav3_ext/quant/comp_units/exl3_moe_inst_k4_cb2.o.d -I/home/bmarti44/.cache/glm53-flash/runtime/lib/python3.12/site-packages/torch/include -I/home/bmarti44/.cache/glm53-flash/runtime/lib/python3.12/site-packages/torch/include/torch/csrc/api/include -I/usr/local/cuda-13.0/include -I/home/bmarti44/.cache/glm53-flash/runtime/include -I/home/bmarti44/.local/share/uv/python/cpython-3.12.13-linux-aarch64-gnu/include/python3.12 -c -c /home/bmarti44/.cache/glm53-flash/build-source-002/exllamav3/exllamav3/exllamav3_ext/quant/comp_units/exl3_moe_inst_k4_cb2.cu -o /home/bmarti44/.cache/glm53-flash/build-source-002/exllamav3/build/temp.linux-aarch64-cpython-312/exllamav3/exllamav3_ext/quant/comp_units/exl3_moe_inst_k4_cb2.o -D__CUDA_NO_HALF_OPERATORS__ -D__CUDA_NO_HALF_CONVERSIONS__ -D__CUDA_NO_BFLOAT16_CONVERSIONS__ -D__CUDA_NO_HALF2_OPERATORS__ --expt-relaxed-constexpr --compiler-options ''"'"'-fPIC'"'"'' -lineinfo -O3 --use_fast_math -Xcudafe --diag_suppress=177 -Xcudafe --diag_suppress=20012 -DTORCH_API_INCLUDE_EXTENSION_H -DTORCH_EXTENSION_NAME=exllamav3_ext -gencode=arch=compute_121a,code=sm_121a -std=c++20
[95/129] /usr/local/cuda-13.0/bin/nvcc -MD -MF /home/bmarti44/.cache/glm53-flash/build-source-002/exllamav3/build/temp.linux-aarch64-cpython-312/exllamav3/exllamav3_ext/quant/comp_units/exl3_moe_inst_k5_cb1.o.d -I/home/bmarti44/.cache/glm53-flash/runtime/lib/python3.12/site-packages/torch/include -I/home/bmarti44/.cache/glm53-flash/runtime/lib/python3.12/site-packages/torch/include/torch/csrc/api/include -I/usr/local/cuda-13.0/include -I/home/bmarti44/.cache/glm53-flash/runtime/include -I/home/bmarti44/.local/share/uv/python/cpython-3.12.13-linux-aarch64-gnu/include/python3.12 -c -c /home/bmarti44/.cache/glm53-flash/build-source-002/exllamav3/exllamav3/exllamav3_ext/quant/comp_units/exl3_moe_inst_k5_cb1.cu -o /home/bmarti44/.cache/glm53-flash/build-source-002/exllamav3/build/temp.linux-aarch64-cpython-312/exllamav3/exllamav3_ext/quant/comp_units/exl3_moe_inst_k5_cb1.o -D__CUDA_NO_HALF_OPERATORS__ -D__CUDA_NO_HALF_CONVERSIONS__ -D__CUDA_NO_BFLOAT16_CONVERSIONS__ -D__CUDA_NO_HALF2_OPERATORS__ --expt-relaxed-constexpr --compiler-options ''"'"'-fPIC'"'"'' -lineinfo -O3 --use_fast_math -Xcudafe --diag_suppress=177 -Xcudafe --diag_suppress=20012 -DTORCH_API_INCLUDE_EXTENSION_H -DTORCH_EXTENSION_NAME=exllamav3_ext -gencode=arch=compute_121a,code=sm_121a -std=c++20
[96/129] /usr/local/cuda-13.0/bin/nvcc -MD -MF /home/bmarti44/.cache/glm53-flash/build-source-002/exllamav3/build/temp.linux-aarch64-cpython-312/exllamav3/exllamav3_ext/quant/comp_units/exl3_moe_inst_k5_cb2.o.d -I/home/bmarti44/.cache/glm53-flash/runtime/lib/python3.12/site-packages/torch/include -I/home/bmarti44/.cache/glm53-flash/runtime/lib/python3.12/site-packages/torch/include/torch/csrc/api/include -I/usr/local/cuda-13.0/include -I/home/bmarti44/.cache/glm53-flash/runtime/include -I/home/bmarti44/.local/share/uv/python/cpython-3.12.13-linux-aarch64-gnu/include/python3.12 -c -c /home/bmarti44/.cache/glm53-flash/build-source-002/exllamav3/exllamav3/exllamav3_ext/quant/comp_units/exl3_moe_inst_k5_cb2.cu -o /home/bmarti44/.cache/glm53-flash/build-source-002/exllamav3/build/temp.linux-aarch64-cpython-312/exllamav3/exllamav3_ext/quant/comp_units/exl3_moe_inst_k5_cb2.o -D__CUDA_NO_HALF_OPERATORS__ -D__CUDA_NO_HALF_CONVERSIONS__ -D__CUDA_NO_BFLOAT16_CONVERSIONS__ -D__CUDA_NO_HALF2_OPERATORS__ --expt-relaxed-constexpr --compiler-options ''"'"'-fPIC'"'"'' -lineinfo -O3 --use_fast_math -Xcudafe --diag_suppress=177 -Xcudafe --diag_suppress=20012 -DTORCH_API_INCLUDE_EXTENSION_H -DTORCH_EXTENSION_NAME=exllamav3_ext -gencode=arch=compute_121a,code=sm_121a -std=c++20
[97/129] /usr/local/cuda-13.0/bin/nvcc -MD -MF /home/bmarti44/.cache/glm53-flash/build-source-002/exllamav3/build/temp.linux-aarch64-cpython-312/exllamav3/exllamav3_ext/quant/comp_units/exl3_moe_inst_k6_cb1.o.d -I/home/bmarti44/.cache/glm53-flash/runtime/lib/python3.12/site-packages/torch/include -I/home/bmarti44/.cache/glm53-flash/runtime/lib/python3.12/site-packages/torch/include/torch/csrc/api/include -I/usr/local/cuda-13.0/include -I/home/bmarti44/.cache/glm53-flash/runtime/include -I/home/bmarti44/.local/share/uv/python/cpython-3.12.13-linux-aarch64-gnu/include/python3.12 -c -c /home/bmarti44/.cache/glm53-flash/build-source-002/exllamav3/exllamav3/exllamav3_ext/quant/comp_units/exl3_moe_inst_k6_cb1.cu -o /home/bmarti44/.cache/glm53-flash/build-source-002/exllamav3/build/temp.linux-aarch64-cpython-312/exllamav3/exllamav3_ext/quant/comp_units/exl3_moe_inst_k6_cb1.o -D__CUDA_NO_HALF_OPERATORS__ -D__CUDA_NO_HALF_CONVERSIONS__ -D__CUDA_NO_BFLOAT16_CONVERSIONS__ -D__CUDA_NO_HALF2_OPERATORS__ --expt-relaxed-constexpr --compiler-options ''"'"'-fPIC'"'"'' -lineinfo -O3 --use_fast_math -Xcudafe --diag_suppress=177 -Xcudafe --diag_suppress=20012 -DTORCH_API_INCLUDE_EXTENSION_H -DTORCH_EXTENSION_NAME=exllamav3_ext -gencode=arch=compute_121a,code=sm_121a -std=c++20
[98/129] /usr/local/cuda-13.0/bin/nvcc -MD -MF /home/bmarti44/.cache/glm53-flash/build-source-002/exllamav3/build/temp.linux-aarch64-cpython-312/exllamav3/exllamav3_ext/quant/comp_units/exl3_moe_inst_k6_cb2.o.d -I/home/bmarti44/.cache/glm53-flash/runtime/lib/python3.12/site-packages/torch/include -I/home/bmarti44/.cache/glm53-flash/runtime/lib/python3.12/site-packages/torch/include/torch/csrc/api/include -I/usr/local/cuda-13.0/include -I/home/bmarti44/.cache/glm53-flash/runtime/include -I/home/bmarti44/.local/share/uv/python/cpython-3.12.13-linux-aarch64-gnu/include/python3.12 -c -c /home/bmarti44/.cache/glm53-flash/build-source-002/exllamav3/exllamav3/exllamav3_ext/quant/comp_units/exl3_moe_inst_k6_cb2.cu -o /home/bmarti44/.cache/glm53-flash/build-source-002/exllamav3/build/temp.linux-aarch64-cpython-312/exllamav3/exllamav3_ext/quant/comp_units/exl3_moe_inst_k6_cb2.o -D__CUDA_NO_HALF_OPERATORS__ -D__CUDA_NO_HALF_CONVERSIONS__ -D__CUDA_NO_BFLOAT16_CONVERSIONS__ -D__CUDA_NO_HALF2_OPERATORS__ --expt-relaxed-constexpr --compiler-options ''"'"'-fPIC'"'"'' -lineinfo -O3 --use_fast_math -Xcudafe --diag_suppress=177 -Xcudafe --diag_suppress=20012 -DTORCH_API_INCLUDE_EXTENSION_H -DTORCH_EXTENSION_NAME=exllamav3_ext -gencode=arch=compute_121a,code=sm_121a -std=c++20
[99/129] /usr/local/cuda-13.0/bin/nvcc -MD -MF /home/bmarti44/.cache/glm53-flash/build-source-002/exllamav3/build/temp.linux-aarch64-cpython-312/exllamav3/exllamav3_ext/quant/comp_units/exl3_moe_inst_k7_cb1.o.d -I/home/bmarti44/.cache/glm53-flash/runtime/lib/python3.12/site-packages/torch/include -I/home/bmarti44/.cache/glm53-flash/runtime/lib/python3.12/site-packages/torch/include/torch/csrc/api/include -I/usr/local/cuda-13.0/include -I/home/bmarti44/.cache/glm53-flash/runtime/include -I/home/bmarti44/.local/share/uv/python/cpython-3.12.13-linux-aarch64-gnu/include/python3.12 -c -c /home/bmarti44/.cache/glm53-flash/build-source-002/exllamav3/exllamav3/exllamav3_ext/quant/comp_units/exl3_moe_inst_k7_cb1.cu -o /home/bmarti44/.cache/glm53-flash/build-source-002/exllamav3/build/temp.linux-aarch64-cpython-312/exllamav3/exllamav3_ext/quant/comp_units/exl3_moe_inst_k7_cb1.o -D__CUDA_NO_HALF_OPERATORS__ -D__CUDA_NO_HALF_CONVERSIONS__ -D__CUDA_NO_BFLOAT16_CONVERSIONS__ -D__CUDA_NO_HALF2_OPERATORS__ --expt-relaxed-constexpr --compiler-options ''"'"'-fPIC'"'"'' -lineinfo -O3 --use_fast_math -Xcudafe --diag_suppress=177 -Xcudafe --diag_suppress=20012 -DTORCH_API_INCLUDE_EXTENSION_H -DTORCH_EXTENSION_NAME=exllamav3_ext -gencode=arch=compute_121a,code=sm_121a -std=c++20
[100/129] /usr/local/cuda-13.0/bin/nvcc -MD -MF /home/bmarti44/.cache/glm53-flash/build-source-002/exllamav3/build/temp.linux-aarch64-cpython-312/exllamav3/exllamav3_ext/quant/comp_units/exl3_moe_inst_k7_cb2.o.d -I/home/bmarti44/.cache/glm53-flash/runtime/lib/python3.12/site-packages/torch/include -I/home/bmarti44/.cache/glm53-flash/runtime/lib/python3.12/site-packages/torch/include/torch/csrc/api/include -I/usr/local/cuda-13.0/include -I/home/bmarti44/.cache/glm53-flash/runtime/include -I/home/bmarti44/.local/share/uv/python/cpython-3.12.13-linux-aarch64-gnu/include/python3.12 -c -c /home/bmarti44/.cache/glm53-flash/build-source-002/exllamav3/exllamav3/exllamav3_ext/quant/comp_units/exl3_moe_inst_k7_cb2.cu -o /home/bmarti44/.cache/glm53-flash/build-source-002/exllamav3/build/temp.linux-aarch64-cpython-312/exllamav3/exllamav3_ext/quant/comp_units/exl3_moe_inst_k7_cb2.o -D__CUDA_NO_HALF_OPERATORS__ -D__CUDA_NO_HALF_CONVERSIONS__ -D__CUDA_NO_BFLOAT16_CONVERSIONS__ -D__CUDA_NO_HALF2_OPERATORS__ --expt-relaxed-constexpr --compiler-options ''"'"'-fPIC'"'"'' -lineinfo -O3 --use_fast_math -Xcudafe --diag_suppress=177 -Xcudafe --diag_suppress=20012 -DTORCH_API_INCLUDE_EXTENSION_H -DTORCH_EXTENSION_NAME=exllamav3_ext -gencode=arch=compute_121a,code=sm_121a -std=c++20
[101/129] /usr/local/cuda-13.0/bin/nvcc -MD -MF /home/bmarti44/.cache/glm53-flash/build-source-002/exllamav3/build/temp.linux-aarch64-cpython-312/exllamav3/exllamav3_ext/quant/comp_units/exl3_moe_inst_k8_cb1.o.d -I/home/bmarti44/.cache/glm53-flash/runtime/lib/python3.12/site-packages/torch/include -I/home/bmarti44/.cache/glm53-flash/runtime/lib/python3.12/site-packages/torch/include/torch/csrc/api/include -I/usr/local/cuda-13.0/include -I/home/bmarti44/.cache/glm53-flash/runtime/include -I/home/bmarti44/.local/share/uv/python/cpython-3.12.13-linux-aarch64-gnu/include/python3.12 -c -c /home/bmarti44/.cache/glm53-flash/build-source-002/exllamav3/exllamav3/exllamav3_ext/quant/comp_units/exl3_moe_inst_k8_cb1.cu -o /home/bmarti44/.cache/glm53-flash/build-source-002/exllamav3/build/temp.linux-aarch64-cpython-312/exllamav3/exllamav3_ext/quant/comp_units/exl3_moe_inst_k8_cb1.o -D__CUDA_NO_HALF_OPERATORS__ -D__CUDA_NO_HALF_CONVERSIONS__ -D__CUDA_NO_BFLOAT16_CONVERSIONS__ -D__CUDA_NO_HALF2_OPERATORS__ --expt-relaxed-constexpr --compiler-options ''"'"'-fPIC'"'"'' -lineinfo -O3 --use_fast_math -Xcudafe --diag_suppress=177 -Xcudafe --diag_suppress=20012 -DTORCH_API_INCLUDE_EXTENSION_H -DTORCH_EXTENSION_NAME=exllamav3_ext -gencode=arch=compute_121a,code=sm_121a -std=c++20
[102/129] /usr/local/cuda-13.0/bin/nvcc -MD -MF /home/bmarti44/.cache/glm53-flash/build-source-002/exllamav3/build/temp.linux-aarch64-cpython-312/exllamav3/exllamav3_ext/quant/comp_units/exl3_moe_inst_k8_cb2.o.d -I/home/bmarti44/.cache/glm53-flash/runtime/lib/python3.12/site-packages/torch/include -I/home/bmarti44/.cache/glm53-flash/runtime/lib/python3.12/site-packages/torch/include/torch/csrc/api/include -I/usr/local/cuda-13.0/include -I/home/bmarti44/.cache/glm53-flash/runtime/include -I/home/bmarti44/.local/share/uv/python/cpython-3.12.13-linux-aarch64-gnu/include/python3.12 -c -c /home/bmarti44/.cache/glm53-flash/build-source-002/exllamav3/exllamav3/exllamav3_ext/quant/comp_units/exl3_moe_inst_k8_cb2.cu -o /home/bmarti44/.cache/glm53-flash/build-source-002/exllamav3/build/temp.linux-aarch64-cpython-312/exllamav3/exllamav3_ext/quant/comp_units/exl3_moe_inst_k8_cb2.o -D__CUDA_NO_HALF_OPERATORS__ -D__CUDA_NO_HALF_CONVERSIONS__ -D__CUDA_NO_BFLOAT16_CONVERSIONS__ -D__CUDA_NO_HALF2_OPERATORS__ --expt-relaxed-constexpr --compiler-options ''"'"'-fPIC'"'"'' -lineinfo -O3 --use_fast_math -Xcudafe --diag_suppress=177 -Xcudafe --diag_suppress=20012 -DTORCH_API_INCLUDE_EXTENSION_H -DTORCH_EXTENSION_NAME=exllamav3_ext -gencode=arch=compute_121a,code=sm_121a -std=c++20
[103/129] /usr/local/cuda-13.0/bin/nvcc -MD -MF /home/bmarti44/.cache/glm53-flash/build-source-002/exllamav3/build/temp.linux-aarch64-cpython-312/exllamav3/exllamav3_ext/quant/comp_units/quantize_tiles_inst_k1.o.d -I/home/bmarti44/.cache/glm53-flash/runtime/lib/python3.12/site-packages/torch/include -I/home/bmarti44/.cache/glm53-flash/runtime/lib/python3.12/site-packages/torch/include/torch/csrc/api/include -I/usr/local/cuda-13.0/include -I/home/bmarti44/.cache/glm53-flash/runtime/include -I/home/bmarti44/.local/share/uv/python/cpython-3.12.13-linux-aarch64-gnu/include/python3.12 -c -c /home/bmarti44/.cache/glm53-flash/build-source-002/exllamav3/exllamav3/exllamav3_ext/quant/comp_units/quantize_tiles_inst_k1.cu -o /home/bmarti44/.cache/glm53-flash/build-source-002/exllamav3/build/temp.linux-aarch64-cpython-312/exllamav3/exllamav3_ext/quant/comp_units/quantize_tiles_inst_k1.o -D__CUDA_NO_HALF_OPERATORS__ -D__CUDA_NO_HALF_CONVERSIONS__ -D__CUDA_NO_BFLOAT16_CONVERSIONS__ -D__CUDA_NO_HALF2_OPERATORS__ --expt-relaxed-constexpr --compiler-options ''"'"'-fPIC'"'"'' -lineinfo -O3 --use_fast_math -Xcudafe --diag_suppress=177 -Xcudafe --diag_suppress=20012 -DTORCH_API_INCLUDE_EXTENSION_H -DTORCH_EXTENSION_NAME=exllamav3_ext -gencode=arch=compute_121a,code=sm_121a -std=c++20
[104/129] /usr/local/cuda-13.0/bin/nvcc -MD -MF /home/bmarti44/.cache/glm53-flash/build-source-002/exllamav3/build/temp.linux-aarch64-cpython-312/exllamav3/exllamav3_ext/quant/comp_units/quantize_tiles_inst_k2.o.d -I/home/bmarti44/.cache/glm53-flash/runtime/lib/python3.12/site-packages/torch/include -I/home/bmarti44/.cache/glm53-flash/runtime/lib/python3.12/site-packages/torch/include/torch/csrc/api/include -I/usr/local/cuda-13.0/include -I/home/bmarti44/.cache/glm53-flash/runtime/include -I/home/bmarti44/.local/share/uv/python/cpython-3.12.13-linux-aarch64-gnu/include/python3.12 -c -c /home/bmarti44/.cache/glm53-flash/build-source-002/exllamav3/exllamav3/exllamav3_ext/quant/comp_units/quantize_tiles_inst_k2.cu -o /home/bmarti44/.cache/glm53-flash/build-source-002/exllamav3/build/temp.linux-aarch64-cpython-312/exllamav3/exllamav3_ext/quant/comp_units/quantize_tiles_inst_k2.o -D__CUDA_NO_HALF_OPERATORS__ -D__CUDA_NO_HALF_CONVERSIONS__ -D__CUDA_NO_BFLOAT16_CONVERSIONS__ -D__CUDA_NO_HALF2_OPERATORS__ --expt-relaxed-constexpr --compiler-options ''"'"'-fPIC'"'"'' -lineinfo -O3 --use_fast_math -Xcudafe --diag_suppress=177 -Xcudafe --diag_suppress=20012 -DTORCH_API_INCLUDE_EXTENSION_H -DTORCH_EXTENSION_NAME=exllamav3_ext -gencode=arch=compute_121a,code=sm_121a -std=c++20
[105/129] /usr/local/cuda-13.0/bin/nvcc -MD -MF /home/bmarti44/.cache/glm53-flash/build-source-002/exllamav3/build/temp.linux-aarch64-cpython-312/exllamav3/exllamav3_ext/quant/comp_units/quantize_tiles_inst_k3.o.d -I/home/bmarti44/.cache/glm53-flash/runtime/lib/python3.12/site-packages/torch/include -I/home/bmarti44/.cache/glm53-flash/runtime/lib/python3.12/site-packages/torch/include/torch/csrc/api/include -I/usr/local/cuda-13.0/include -I/home/bmarti44/.cache/glm53-flash/runtime/include -I/home/bmarti44/.local/share/uv/python/cpython-3.12.13-linux-aarch64-gnu/include/python3.12 -c -c /home/bmarti44/.cache/glm53-flash/build-source-002/exllamav3/exllamav3/exllamav3_ext/quant/comp_units/quantize_tiles_inst_k3.cu -o /home/bmarti44/.cache/glm53-flash/build-source-002/exllamav3/build/temp.linux-aarch64-cpython-312/exllamav3/exllamav3_ext/quant/comp_units/quantize_tiles_inst_k3.o -D__CUDA_NO_HALF_OPERATORS__ -D__CUDA_NO_HALF_CONVERSIONS__ -D__CUDA_NO_BFLOAT16_CONVERSIONS__ -D__CUDA_NO_HALF2_OPERATORS__ --expt-relaxed-constexpr --compiler-options ''"'"'-fPIC'"'"'' -lineinfo -O3 --use_fast_math -Xcudafe --diag_suppress=177 -Xcudafe --diag_suppress=20012 -DTORCH_API_INCLUDE_EXTENSION_H -DTORCH_EXTENSION_NAME=exllamav3_ext -gencode=arch=compute_121a,code=sm_121a -std=c++20
[106/129] /usr/local/cuda-13.0/bin/nvcc -MD -MF /home/bmarti44/.cache/glm53-flash/build-source-002/exllamav3/build/temp.linux-aarch64-cpython-312/exllamav3/exllamav3_ext/quant/comp_units/quantize_tiles_inst_k4.o.d -I/home/bmarti44/.cache/glm53-flash/runtime/lib/python3.12/site-packages/torch/include -I/home/bmarti44/.cache/glm53-flash/runtime/lib/python3.12/site-packages/torch/include/torch/csrc/api/include -I/usr/local/cuda-13.0/include -I/home/bmarti44/.cache/glm53-flash/runtime/include -I/home/bmarti44/.local/share/uv/python/cpython-3.12.13-linux-aarch64-gnu/include/python3.12 -c -c /home/bmarti44/.cache/glm53-flash/build-source-002/exllamav3/exllamav3/exllamav3_ext/quant/comp_units/quantize_tiles_inst_k4.cu -o /home/bmarti44/.cache/glm53-flash/build-source-002/exllamav3/build/temp.linux-aarch64-cpython-312/exllamav3/exllamav3_ext/quant/comp_units/quantize_tiles_inst_k4.o -D__CUDA_NO_HALF_OPERATORS__ -D__CUDA_NO_HALF_CONVERSIONS__ -D__CUDA_NO_BFLOAT16_CONVERSIONS__ -D__CUDA_NO_HALF2_OPERATORS__ --expt-relaxed-constexpr --compiler-options ''"'"'-fPIC'"'"'' -lineinfo -O3 --use_fast_math -Xcudafe --diag_suppress=177 -Xcudafe --diag_suppress=20012 -DTORCH_API_INCLUDE_EXTENSION_H -DTORCH_EXTENSION_NAME=exllamav3_ext -gencode=arch=compute_121a,code=sm_121a -std=c++20
[107/129] /usr/local/cuda-13.0/bin/nvcc -MD -MF /home/bmarti44/.cache/glm53-flash/build-source-002/exllamav3/build/temp.linux-aarch64-cpython-312/exllamav3/exllamav3_ext/quant/comp_units/quantize_tiles_inst_k5.o.d -I/home/bmarti44/.cache/glm53-flash/runtime/lib/python3.12/site-packages/torch/include -I/home/bmarti44/.cache/glm53-flash/runtime/lib/python3.12/site-packages/torch/include/torch/csrc/api/include -I/usr/local/cuda-13.0/include -I/home/bmarti44/.cache/glm53-flash/runtime/include -I/home/bmarti44/.local/share/uv/python/cpython-3.12.13-linux-aarch64-gnu/include/python3.12 -c -c /home/bmarti44/.cache/glm53-flash/build-source-002/exllamav3/exllamav3/exllamav3_ext/quant/comp_units/quantize_tiles_inst_k5.cu -o /home/bmarti44/.cache/glm53-flash/build-source-002/exllamav3/build/temp.linux-aarch64-cpython-312/exllamav3/exllamav3_ext/quant/comp_units/quantize_tiles_inst_k5.o -D__CUDA_NO_HALF_OPERATORS__ -D__CUDA_NO_HALF_CONVERSIONS__ -D__CUDA_NO_BFLOAT16_CONVERSIONS__ -D__CUDA_NO_HALF2_OPERATORS__ --expt-relaxed-constexpr --compiler-options ''"'"'-fPIC'"'"'' -lineinfo -O3 --use_fast_math -Xcudafe --diag_suppress=177 -Xcudafe --diag_suppress=20012 -DTORCH_API_INCLUDE_EXTENSION_H -DTORCH_EXTENSION_NAME=exllamav3_ext -gencode=arch=compute_121a,code=sm_121a -std=c++20
[108/129] /usr/local/cuda-13.0/bin/nvcc -MD -MF /home/bmarti44/.cache/glm53-flash/build-source-002/exllamav3/build/temp.linux-aarch64-cpython-312/exllamav3/exllamav3_ext/quant/comp_units/quantize_tiles_inst_k6.o.d -I/home/bmarti44/.cache/glm53-flash/runtime/lib/python3.12/site-packages/torch/include -I/home/bmarti44/.cache/glm53-flash/runtime/lib/python3.12/site-packages/torch/include/torch/csrc/api/include -I/usr/local/cuda-13.0/include -I/home/bmarti44/.cache/glm53-flash/runtime/include -I/home/bmarti44/.local/share/uv/python/cpython-3.12.13-linux-aarch64-gnu/include/python3.12 -c -c /home/bmarti44/.cache/glm53-flash/build-source-002/exllamav3/exllamav3/exllamav3_ext/quant/comp_units/quantize_tiles_inst_k6.cu -o /home/bmarti44/.cache/glm53-flash/build-source-002/exllamav3/build/temp.linux-aarch64-cpython-312/exllamav3/exllamav3_ext/quant/comp_units/quantize_tiles_inst_k6.o -D__CUDA_NO_HALF_OPERATORS__ -D__CUDA_NO_HALF_CONVERSIONS__ -D__CUDA_NO_BFLOAT16_CONVERSIONS__ -D__CUDA_NO_HALF2_OPERATORS__ --expt-relaxed-constexpr --compiler-options ''"'"'-fPIC'"'"'' -lineinfo -O3 --use_fast_math -Xcudafe --diag_suppress=177 -Xcudafe --diag_suppress=20012 -DTORCH_API_INCLUDE_EXTENSION_H -DTORCH_EXTENSION_NAME=exllamav3_ext -gencode=arch=compute_121a,code=sm_121a -std=c++20
[109/129] /usr/local/cuda-13.0/bin/nvcc -MD -MF /home/bmarti44/.cache/glm53-flash/build-source-002/exllamav3/build/temp.linux-aarch64-cpython-312/exllamav3/exllamav3_ext/quant/comp_units/quantize_tiles_inst_k7.o.d -I/home/bmarti44/.cache/glm53-flash/runtime/lib/python3.12/site-packages/torch/include -I/home/bmarti44/.cache/glm53-flash/runtime/lib/python3.12/site-packages/torch/include/torch/csrc/api/include -I/usr/local/cuda-13.0/include -I/home/bmarti44/.cache/glm53-flash/runtime/include -I/home/bmarti44/.local/share/uv/python/cpython-3.12.13-linux-aarch64-gnu/include/python3.12 -c -c /home/bmarti44/.cache/glm53-flash/build-source-002/exllamav3/exllamav3/exllamav3_ext/quant/comp_units/quantize_tiles_inst_k7.cu -o /home/bmarti44/.cache/glm53-flash/build-source-002/exllamav3/build/temp.linux-aarch64-cpython-312/exllamav3/exllamav3_ext/quant/comp_units/quantize_tiles_inst_k7.o -D__CUDA_NO_HALF_OPERATORS__ -D__CUDA_NO_HALF_CONVERSIONS__ -D__CUDA_NO_BFLOAT16_CONVERSIONS__ -D__CUDA_NO_HALF2_OPERATORS__ --expt-relaxed-constexpr --compiler-options ''"'"'-fPIC'"'"'' -lineinfo -O3 --use_fast_math -Xcudafe --diag_suppress=177 -Xcudafe --diag_suppress=20012 -DTORCH_API_INCLUDE_EXTENSION_H -DTORCH_EXTENSION_NAME=exllamav3_ext -gencode=arch=compute_121a,code=sm_121a -std=c++20
[110/129] /usr/local/cuda-13.0/bin/nvcc -MD -MF /home/bmarti44/.cache/glm53-flash/build-source-002/exllamav3/build/temp.linux-aarch64-cpython-312/exllamav3/exllamav3_ext/quant/comp_units/quantize_tiles_inst_k8.o.d -I/home/bmarti44/.cache/glm53-flash/runtime/lib/python3.12/site-packages/torch/include -I/home/bmarti44/.cache/glm53-flash/runtime/lib/python3.12/site-packages/torch/include/torch/csrc/api/include -I/usr/local/cuda-13.0/include -I/home/bmarti44/.cache/glm53-flash/runtime/include -I/home/bmarti44/.local/share/uv/python/cpython-3.12.13-linux-aarch64-gnu/include/python3.12 -c -c /home/bmarti44/.cache/glm53-flash/build-source-002/exllamav3/exllamav3/exllamav3_ext/quant/comp_units/quantize_tiles_inst_k8.cu -o /home/bmarti44/.cache/glm53-flash/build-source-002/exllamav3/build/temp.linux-aarch64-cpython-312/exllamav3/exllamav3_ext/quant/comp_units/quantize_tiles_inst_k8.o -D__CUDA_NO_HALF_OPERATORS__ -D__CUDA_NO_HALF_CONVERSIONS__ -D__CUDA_NO_BFLOAT16_CONVERSIONS__ -D__CUDA_NO_HALF2_OPERATORS__ --expt-relaxed-constexpr --compiler-options ''"'"'-fPIC'"'"'' -lineinfo -O3 --use_fast_math -Xcudafe --diag_suppress=177 -Xcudafe --diag_suppress=20012 -DTORCH_API_INCLUDE_EXTENSION_H -DTORCH_EXTENSION_NAME=exllamav3_ext -gencode=arch=compute_121a,code=sm_121a -std=c++20
[111/129] /usr/local/cuda-13.0/bin/nvcc -MD -MF /home/bmarti44/.cache/glm53-flash/build-source-002/exllamav3/build/temp.linux-aarch64-cpython-312/exllamav3/exllamav3_ext/quant/coop_autotune.o.d -I/home/bmarti44/.cache/glm53-flash/runtime/lib/python3.12/site-packages/torch/include -I/home/bmarti44/.cache/glm53-flash/runtime/lib/python3.12/site-packages/torch/include/torch/csrc/api/include -I/usr/local/cuda-13.0/include -I/home/bmarti44/.cache/glm53-flash/runtime/include -I/home/bmarti44/.local/share/uv/python/cpython-3.12.13-linux-aarch64-gnu/include/python3.12 -c -c /home/bmarti44/.cache/glm53-flash/build-source-002/exllamav3/exllamav3/exllamav3_ext/quant/coop_autotune.cu -o /home/bmarti44/.cache/glm53-flash/build-source-002/exllamav3/build/temp.linux-aarch64-cpython-312/exllamav3/exllamav3_ext/quant/coop_autotune.o -D__CUDA_NO_HALF_OPERATORS__ -D__CUDA_NO_HALF_CONVERSIONS__ -D__CUDA_NO_BFLOAT16_CONVERSIONS__ -D__CUDA_NO_HALF2_OPERATORS__ --expt-relaxed-constexpr --compiler-options ''"'"'-fPIC'"'"'' -lineinfo -O3 --use_fast_math -Xcudafe --diag_suppress=177 -Xcudafe --diag_suppress=20012 -DTORCH_API_INCLUDE_EXTENSION_H -DTORCH_EXTENSION_NAME=exllamav3_ext -gencode=arch=compute_121a,code=sm_121a -std=c++20
[112/129] /usr/local/cuda-13.0/bin/nvcc -MD -MF /home/bmarti44/.cache/glm53-flash/build-source-002/exllamav3/build/temp.linux-aarch64-cpython-312/exllamav3/exllamav3_ext/quant/exl3_devctx.o.d -I/home/bmarti44/.cache/glm53-flash/runtime/lib/python3.12/site-packages/torch/include -I/home/bmarti44/.cache/glm53-flash/runtime/lib/python3.12/site-packages/torch/include/torch/csrc/api/include -I/usr/local/cuda-13.0/include -I/home/bmarti44/.cache/glm53-flash/runtime/include -I/home/bmarti44/.local/share/uv/python/cpython-3.12.13-linux-aarch64-gnu/include/python3.12 -c -c /home/bmarti44/.cache/glm53-flash/build-source-002/exllamav3/exllamav3/exllamav3_ext/quant/exl3_devctx.cu -o /home/bmarti44/.cache/glm53-flash/build-source-002/exllamav3/build/temp.linux-aarch64-cpython-312/exllamav3/exllamav3_ext/quant/exl3_devctx.o -D__CUDA_NO_HALF_OPERATORS__ -D__CUDA_NO_HALF_CONVERSIONS__ -D__CUDA_NO_BFLOAT16_CONVERSIONS__ -D__CUDA_NO_HALF2_OPERATORS__ --expt-relaxed-constexpr --compiler-options ''"'"'-fPIC'"'"'' -lineinfo -O3 --use_fast_math -Xcudafe --diag_suppress=177 -Xcudafe --diag_suppress=20012 -DTORCH_API_INCLUDE_EXTENSION_H -DTORCH_EXTENSION_NAME=exllamav3_ext -gencode=arch=compute_121a,code=sm_121a -std=c++20
[113/129] /usr/local/cuda-13.0/bin/nvcc -MD -MF /home/bmarti44/.cache/glm53-flash/build-source-002/exllamav3/build/temp.linux-aarch64-cpython-312/exllamav3/exllamav3_ext/quant/exl3_gemm.o.d -I/home/bmarti44/.cache/glm53-flash/runtime/lib/python3.12/site-packages/torch/include -I/home/bmarti44/.cache/glm53-flash/runtime/lib/python3.12/site-packages/torch/include/torch/csrc/api/include -I/usr/local/cuda-13.0/include -I/home/bmarti44/.cache/glm53-flash/runtime/include -I/home/bmarti44/.local/share/uv/python/cpython-3.12.13-linux-aarch64-gnu/include/python3.12 -c -c /home/bmarti44/.cache/glm53-flash/build-source-002/exllamav3/exllamav3/exllamav3_ext/quant/exl3_gemm.cu -o /home/bmarti44/.cache/glm53-flash/build-source-002/exllamav3/build/temp.linux-aarch64-cpython-312/exllamav3/exllamav3_ext/quant/exl3_gemm.o -D__CUDA_NO_HALF_OPERATORS__ -D__CUDA_NO_HALF_CONVERSIONS__ -D__CUDA_NO_BFLOAT16_CONVERSIONS__ -D__CUDA_NO_HALF2_OPERATORS__ --expt-relaxed-constexpr --compiler-options ''"'"'-fPIC'"'"'' -lineinfo -O3 --use_fast_math -Xcudafe --diag_suppress=177 -Xcudafe --diag_suppress=20012 -DTORCH_API_INCLUDE_EXTENSION_H -DTORCH_EXTENSION_NAME=exllamav3_ext -gencode=arch=compute_121a,code=sm_121a -std=c++20
[114/129] /usr/local/cuda-13.0/bin/nvcc -MD -MF /home/bmarti44/.cache/glm53-flash/build-source-002/exllamav3/build/temp.linux-aarch64-cpython-312/exllamav3/exllamav3_ext/quant/exl3_gemv_int8.o.d -I/home/bmarti44/.cache/glm53-flash/runtime/lib/python3.12/site-packages/torch/include -I/home/bmarti44/.cache/glm53-flash/runtime/lib/python3.12/site-packages/torch/include/torch/csrc/api/include -I/usr/local/cuda-13.0/include -I/home/bmarti44/.cache/glm53-flash/runtime/include -I/home/bmarti44/.local/share/uv/python/cpython-3.12.13-linux-aarch64-gnu/include/python3.12 -c -c /home/bmarti44/.cache/glm53-flash/build-source-002/exllamav3/exllamav3/exllamav3_ext/quant/exl3_gemv_int8.cu -o /home/bmarti44/.cache/glm53-flash/build-source-002/exllamav3/build/temp.linux-aarch64-cpython-312/exllamav3/exllamav3_ext/quant/exl3_gemv_int8.o -D__CUDA_NO_HALF_OPERATORS__ -D__CUDA_NO_HALF_CONVERSIONS__ -D__CUDA_NO_BFLOAT16_CONVERSIONS__ -D__CUDA_NO_HALF2_OPERATORS__ --expt-relaxed-constexpr --compiler-options ''"'"'-fPIC'"'"'' -lineinfo -O3 --use_fast_math -Xcudafe --diag_suppress=177 -Xcudafe --diag_suppress=20012 -DTORCH_API_INCLUDE_EXTENSION_H -DTORCH_EXTENSION_NAME=exllamav3_ext -gencode=arch=compute_121a,code=sm_121a -std=c++20
[115/129] /usr/local/cuda-13.0/bin/nvcc -MD -MF /home/bmarti44/.cache/glm53-flash/build-source-002/exllamav3/build/temp.linux-aarch64-cpython-312/exllamav3/exllamav3_ext/quant/exl3_gemv.o.d -I/home/bmarti44/.cache/glm53-flash/runtime/lib/python3.12/site-packages/torch/include -I/home/bmarti44/.cache/glm53-flash/runtime/lib/python3.12/site-packages/torch/include/torch/csrc/api/include -I/usr/local/cuda-13.0/include -I/home/bmarti44/.cache/glm53-flash/runtime/include -I/home/bmarti44/.local/share/uv/python/cpython-3.12.13-linux-aarch64-gnu/include/python3.12 -c -c /home/bmarti44/.cache/glm53-flash/build-source-002/exllamav3/exllamav3/exllamav3_ext/quant/exl3_gemv.cu -o /home/bmarti44/.cache/glm53-flash/build-source-002/exllamav3/build/temp.linux-aarch64-cpython-312/exllamav3/exllamav3_ext/quant/exl3_gemv.o -D__CUDA_NO_HALF_OPERATORS__ -D__CUDA_NO_HALF_CONVERSIONS__ -D__CUDA_NO_BFLOAT16_CONVERSIONS__ -D__CUDA_NO_HALF2_OPERATORS__ --expt-relaxed-constexpr --compiler-options ''"'"'-fPIC'"'"'' -lineinfo -O3 --use_fast_math -Xcudafe --diag_suppress=177 -Xcudafe --diag_suppress=20012 -DTORCH_API_INCLUDE_EXTENSION_H -DTORCH_EXTENSION_NAME=exllamav3_ext -gencode=arch=compute_121a,code=sm_121a -std=c++20
[116/129] /usr/local/cuda-13.0/bin/nvcc -MD -MF /home/bmarti44/.cache/glm53-flash/build-source-002/exllamav3/build/temp.linux-aarch64-cpython-312/exllamav3/exllamav3_ext/quant/exl3_kernel_map.o.d -I/home/bmarti44/.cache/glm53-flash/runtime/lib/python3.12/site-packages/torch/include -I/home/bmarti44/.cache/glm53-flash/runtime/lib/python3.12/site-packages/torch/include/torch/csrc/api/include -I/usr/local/cuda-13.0/include -I/home/bmarti44/.cache/glm53-flash/runtime/include -I/home/bmarti44/.local/share/uv/python/cpython-3.12.13-linux-aarch64-gnu/include/python3.12 -c -c /home/bmarti44/.cache/glm53-flash/build-source-002/exllamav3/exllamav3/exllamav3_ext/quant/exl3_kernel_map.cu -o /home/bmarti44/.cache/glm53-flash/build-source-002/exllamav3/build/temp.linux-aarch64-cpython-312/exllamav3/exllamav3_ext/quant/exl3_kernel_map.o -D__CUDA_NO_HALF_OPERATORS__ -D__CUDA_NO_HALF_CONVERSIONS__ -D__CUDA_NO_BFLOAT16_CONVERSIONS__ -D__CUDA_NO_HALF2_OPERATORS__ --expt-relaxed-constexpr --compiler-options ''"'"'-fPIC'"'"'' -lineinfo -O3 --use_fast_math -Xcudafe --diag_suppress=177 -Xcudafe --diag_suppress=20012 -DTORCH_API_INCLUDE_EXTENSION_H -DTORCH_EXTENSION_NAME=exllamav3_ext -gencode=arch=compute_121a,code=sm_121a -std=c++20
[117/129] /usr/local/cuda-13.0/bin/nvcc -MD -MF /home/bmarti44/.cache/glm53-flash/build-source-002/exllamav3/build/temp.linux-aarch64-cpython-312/exllamav3/exllamav3_ext/quant/exl3_moe.o.d -I/home/bmarti44/.cache/glm53-flash/runtime/lib/python3.12/site-packages/torch/include -I/home/bmarti44/.cache/glm53-flash/runtime/lib/python3.12/site-packages/torch/include/torch/csrc/api/include -I/usr/local/cuda-13.0/include -I/home/bmarti44/.cache/glm53-flash/runtime/include -I/home/bmarti44/.local/share/uv/python/cpython-3.12.13-linux-aarch64-gnu/include/python3.12 -c -c /home/bmarti44/.cache/glm53-flash/build-source-002/exllamav3/exllamav3/exllamav3_ext/quant/exl3_moe.cu -o /home/bmarti44/.cache/glm53-flash/build-source-002/exllamav3/build/temp.linux-aarch64-cpython-312/exllamav3/exllamav3_ext/quant/exl3_moe.o -D__CUDA_NO_HALF_OPERATORS__ -D__CUDA_NO_HALF_CONVERSIONS__ -D__CUDA_NO_BFLOAT16_CONVERSIONS__ -D__CUDA_NO_HALF2_OPERATORS__ --expt-relaxed-constexpr --compiler-options ''"'"'-fPIC'"'"'' -lineinfo -O3 --use_fast_math -Xcudafe --diag_suppress=177 -Xcudafe --diag_suppress=20012 -DTORCH_API_INCLUDE_EXTENSION_H -DTORCH_EXTENSION_NAME=exllamav3_ext -gencode=arch=compute_121a,code=sm_121a -std=c++20
[118/129] /usr/local/cuda-13.0/bin/nvcc -MD -MF /home/bmarti44/.cache/glm53-flash/build-source-002/exllamav3/build/temp.linux-aarch64-cpython-312/exllamav3/exllamav3_ext/quant/hadamard.o.d -I/home/bmarti44/.cache/glm53-flash/runtime/lib/python3.12/site-packages/torch/include -I/home/bmarti44/.cache/glm53-flash/runtime/lib/python3.12/site-packages/torch/include/torch/csrc/api/include -I/usr/local/cuda-13.0/include -I/home/bmarti44/.cache/glm53-flash/runtime/include -I/home/bmarti44/.local/share/uv/python/cpython-3.12.13-linux-aarch64-gnu/include/python3.12 -c -c /home/bmarti44/.cache/glm53-flash/build-source-002/exllamav3/exllamav3/exllamav3_ext/quant/hadamard.cu -o /home/bmarti44/.cache/glm53-flash/build-source-002/exllamav3/build/temp.linux-aarch64-cpython-312/exllamav3/exllamav3_ext/quant/hadamard.o -D__CUDA_NO_HALF_OPERATORS__ -D__CUDA_NO_HALF_CONVERSIONS__ -D__CUDA_NO_BFLOAT16_CONVERSIONS__ -D__CUDA_NO_HALF2_OPERATORS__ --expt-relaxed-constexpr --compiler-options ''"'"'-fPIC'"'"'' -lineinfo -O3 --use_fast_math -Xcudafe --diag_suppress=177 -Xcudafe --diag_suppress=20012 -DTORCH_API_INCLUDE_EXTENSION_H -DTORCH_EXTENSION_NAME=exllamav3_ext -gencode=arch=compute_121a,code=sm_121a -std=c++20
[119/129] /usr/local/cuda-13.0/bin/nvcc -MD -MF /home/bmarti44/.cache/glm53-flash/build-source-002/exllamav3/build/temp.linux-aarch64-cpython-312/exllamav3/exllamav3_ext/quant/pack.o.d -I/home/bmarti44/.cache/glm53-flash/runtime/lib/python3.12/site-packages/torch/include -I/home/bmarti44/.cache/glm53-flash/runtime/lib/python3.12/site-packages/torch/include/torch/csrc/api/include -I/usr/local/cuda-13.0/include -I/home/bmarti44/.cache/glm53-flash/runtime/include -I/home/bmarti44/.local/share/uv/python/cpython-3.12.13-linux-aarch64-gnu/include/python3.12 -c -c /home/bmarti44/.cache/glm53-flash/build-source-002/exllamav3/exllamav3/exllamav3_ext/quant/pack.cu -o /home/bmarti44/.cache/glm53-flash/build-source-002/exllamav3/build/temp.linux-aarch64-cpython-312/exllamav3/exllamav3_ext/quant/pack.o -D__CUDA_NO_HALF_OPERATORS__ -D__CUDA_NO_HALF_CONVERSIONS__ -D__CUDA_NO_BFLOAT16_CONVERSIONS__ -D__CUDA_NO_HALF2_OPERATORS__ --expt-relaxed-constexpr --compiler-options ''"'"'-fPIC'"'"'' -lineinfo -O3 --use_fast_math -Xcudafe --diag_suppress=177 -Xcudafe --diag_suppress=20012 -DTORCH_API_INCLUDE_EXTENSION_H -DTORCH_EXTENSION_NAME=exllamav3_ext -gencode=arch=compute_121a,code=sm_121a -std=c++20
[120/129] /usr/local/cuda-13.0/bin/nvcc -MD -MF /home/bmarti44/.cache/glm53-flash/build-source-002/exllamav3/build/temp.linux-aarch64-cpython-312/exllamav3/exllamav3_ext/quant/quantize.o.d -I/home/bmarti44/.cache/glm53-flash/runtime/lib/python3.12/site-packages/torch/include -I/home/bmarti44/.cache/glm53-flash/runtime/lib/python3.12/site-packages/torch/include/torch/csrc/api/include -I/usr/local/cuda-13.0/include -I/home/bmarti44/.cache/glm53-flash/runtime/include -I/home/bmarti44/.local/share/uv/python/cpython-3.12.13-linux-aarch64-gnu/include/python3.12 -c -c /home/bmarti44/.cache/glm53-flash/build-source-002/exllamav3/exllamav3/exllamav3_ext/quant/quantize.cu -o /home/bmarti44/.cache/glm53-flash/build-source-002/exllamav3/build/temp.linux-aarch64-cpython-312/exllamav3/exllamav3_ext/quant/quantize.o -D__CUDA_NO_HALF_OPERATORS__ -D__CUDA_NO_HALF_CONVERSIONS__ -D__CUDA_NO_BFLOAT16_CONVERSIONS__ -D__CUDA_NO_HALF2_OPERATORS__ --expt-relaxed-constexpr --compiler-options ''"'"'-fPIC'"'"'' -lineinfo -O3 --use_fast_math -Xcudafe --diag_suppress=177 -Xcudafe --diag_suppress=20012 -DTORCH_API_INCLUDE_EXTENSION_H -DTORCH_EXTENSION_NAME=exllamav3_ext -gencode=arch=compute_121a,code=sm_121a -std=c++20
[121/129] /usr/local/cuda-13.0/bin/nvcc -MD -MF /home/bmarti44/.cache/glm53-flash/build-source-002/exllamav3/build/temp.linux-aarch64-cpython-312/exllamav3/exllamav3_ext/quant/util.o.d -I/home/bmarti44/.cache/glm53-flash/runtime/lib/python3.12/site-packages/torch/include -I/home/bmarti44/.cache/glm53-flash/runtime/lib/python3.12/site-packages/torch/include/torch/csrc/api/include -I/usr/local/cuda-13.0/include -I/home/bmarti44/.cache/glm53-flash/runtime/include -I/home/bmarti44/.local/share/uv/python/cpython-3.12.13-linux-aarch64-gnu/include/python3.12 -c -c /home/bmarti44/.cache/glm53-flash/build-source-002/exllamav3/exllamav3/exllamav3_ext/quant/util.cu -o /home/bmarti44/.cache/glm53-flash/build-source-002/exllamav3/build/temp.linux-aarch64-cpython-312/exllamav3/exllamav3_ext/quant/util.o -D__CUDA_NO_HALF_OPERATORS__ -D__CUDA_NO_HALF_CONVERSIONS__ -D__CUDA_NO_BFLOAT16_CONVERSIONS__ -D__CUDA_NO_HALF2_OPERATORS__ --expt-relaxed-constexpr --compiler-options ''"'"'-fPIC'"'"'' -lineinfo -O3 --use_fast_math -Xcudafe --diag_suppress=177 -Xcudafe --diag_suppress=20012 -DTORCH_API_INCLUDE_EXTENSION_H -DTORCH_EXTENSION_NAME=exllamav3_ext -gencode=arch=compute_121a,code=sm_121a -std=c++20
[122/129] /usr/local/cuda-13.0/bin/nvcc -MD -MF /home/bmarti44/.cache/glm53-flash/build-source-002/exllamav3/build/temp.linux-aarch64-cpython-312/exllamav3/exllamav3_ext/quant/reconstruct.o.d -I/home/bmarti44/.cache/glm53-flash/runtime/lib/python3.12/site-packages/torch/include -I/home/bmarti44/.cache/glm53-flash/runtime/lib/python3.12/site-packages/torch/include/torch/csrc/api/include -I/usr/local/cuda-13.0/include -I/home/bmarti44/.cache/glm53-flash/runtime/include -I/home/bmarti44/.local/share/uv/python/cpython-3.12.13-linux-aarch64-gnu/include/python3.12 -c -c /home/bmarti44/.cache/glm53-flash/build-source-002/exllamav3/exllamav3/exllamav3_ext/quant/reconstruct.cu -o /home/bmarti44/.cache/glm53-flash/build-source-002/exllamav3/build/temp.linux-aarch64-cpython-312/exllamav3/exllamav3_ext/quant/reconstruct.o -D__CUDA_NO_HALF_OPERATORS__ -D__CUDA_NO_HALF_CONVERSIONS__ -D__CUDA_NO_BFLOAT16_CONVERSIONS__ -D__CUDA_NO_HALF2_OPERATORS__ --expt-relaxed-constexpr --compiler-options ''"'"'-fPIC'"'"'' -lineinfo -O3 --use_fast_math -Xcudafe --diag_suppress=177 -Xcudafe --diag_suppress=20012 -DTORCH_API_INCLUDE_EXTENSION_H -DTORCH_EXTENSION_NAME=exllamav3_ext -gencode=arch=compute_121a,code=sm_121a -std=c++20
[123/129] /usr/local/cuda-13.0/bin/nvcc -MD -MF /home/bmarti44/.cache/glm53-flash/build-source-002/exllamav3/build/temp.linux-aarch64-cpython-312/exllamav3/exllamav3_ext/rope.o.d -I/home/bmarti44/.cache/glm53-flash/runtime/lib/python3.12/site-packages/torch/include -I/home/bmarti44/.cache/glm53-flash/runtime/lib/python3.12/site-packages/torch/include/torch/csrc/api/include -I/usr/local/cuda-13.0/include -I/home/bmarti44/.cache/glm53-flash/runtime/include -I/home/bmarti44/.local/share/uv/python/cpython-3.12.13-linux-aarch64-gnu/include/python3.12 -c -c /home/bmarti44/.cache/glm53-flash/build-source-002/exllamav3/exllamav3/exllamav3_ext/rope.cu -o /home/bmarti44/.cache/glm53-flash/build-source-002/exllamav3/build/temp.linux-aarch64-cpython-312/exllamav3/exllamav3_ext/rope.o -D__CUDA_NO_HALF_OPERATORS__ -D__CUDA_NO_HALF_CONVERSIONS__ -D__CUDA_NO_BFLOAT16_CONVERSIONS__ -D__CUDA_NO_HALF2_OPERATORS__ --expt-relaxed-constexpr --compiler-options ''"'"'-fPIC'"'"'' -lineinfo -O3 --use_fast_math -Xcudafe --diag_suppress=177 -Xcudafe --diag_suppress=20012 -DTORCH_API_INCLUDE_EXTENSION_H -DTORCH_EXTENSION_NAME=exllamav3_ext -gencode=arch=compute_121a,code=sm_121a -std=c++20
[124/129] /usr/local/cuda-13.0/bin/nvcc -MD -MF /home/bmarti44/.cache/glm53-flash/build-source-002/exllamav3/build/temp.linux-aarch64-cpython-312/exllamav3/exllamav3_ext/routing.o.d -I/home/bmarti44/.cache/glm53-flash/runtime/lib/python3.12/site-packages/torch/include -I/home/bmarti44/.cache/glm53-flash/runtime/lib/python3.12/site-packages/torch/include/torch/csrc/api/include -I/usr/local/cuda-13.0/include -I/home/bmarti44/.cache/glm53-flash/runtime/include -I/home/bmarti44/.local/share/uv/python/cpython-3.12.13-linux-aarch64-gnu/include/python3.12 -c -c /home/bmarti44/.cache/glm53-flash/build-source-002/exllamav3/exllamav3/exllamav3_ext/routing.cu -o /home/bmarti44/.cache/glm53-flash/build-source-002/exllamav3/build/temp.linux-aarch64-cpython-312/exllamav3/exllamav3_ext/routing.o -D__CUDA_NO_HALF_OPERATORS__ -D__CUDA_NO_HALF_CONVERSIONS__ -D__CUDA_NO_BFLOAT16_CONVERSIONS__ -D__CUDA_NO_HALF2_OPERATORS__ --expt-relaxed-constexpr --compiler-options ''"'"'-fPIC'"'"'' -lineinfo -O3 --use_fast_math -Xcudafe --diag_suppress=177 -Xcudafe --diag_suppress=20012 -DTORCH_API_INCLUDE_EXTENSION_H -DTORCH_EXTENSION_NAME=exllamav3_ext -gencode=arch=compute_121a,code=sm_121a -std=c++20
[125/129] /usr/local/cuda-13.0/bin/nvcc -MD -MF /home/bmarti44/.cache/glm53-flash/build-source-002/exllamav3/build/temp.linux-aarch64-cpython-312/exllamav3/exllamav3_ext/softcap.o.d -I/home/bmarti44/.cache/glm53-flash/runtime/lib/python3.12/site-packages/torch/include -I/home/bmarti44/.cache/glm53-flash/runtime/lib/python3.12/site-packages/torch/include/torch/csrc/api/include -I/usr/local/cuda-13.0/include -I/home/bmarti44/.cache/glm53-flash/runtime/include -I/home/bmarti44/.local/share/uv/python/cpython-3.12.13-linux-aarch64-gnu/include/python3.12 -c -c /home/bmarti44/.cache/glm53-flash/build-source-002/exllamav3/exllamav3/exllamav3_ext/softcap.cu -o /home/bmarti44/.cache/glm53-flash/build-source-002/exllamav3/build/temp.linux-aarch64-cpython-312/exllamav3/exllamav3_ext/softcap.o -D__CUDA_NO_HALF_OPERATORS__ -D__CUDA_NO_HALF_CONVERSIONS__ -D__CUDA_NO_BFLOAT16_CONVERSIONS__ -D__CUDA_NO_HALF2_OPERATORS__ --expt-relaxed-constexpr --compiler-options ''"'"'-fPIC'"'"'' -lineinfo -O3 --use_fast_math -Xcudafe --diag_suppress=177 -Xcudafe --diag_suppress=20012 -DTORCH_API_INCLUDE_EXTENSION_H -DTORCH_EXTENSION_NAME=exllamav3_ext -gencode=arch=compute_121a,code=sm_121a -std=c++20
[126/129] c++ -MMD -MF /home/bmarti44/.cache/glm53-flash/build-source-002/exllamav3/build/temp.linux-aarch64-cpython-312/exllamav3/exllamav3_ext/stloader.o.d -pthread -fno-strict-overflow -Wsign-compare -Wunreachable-code -DNDEBUG -g -O3 -Wall -O3 -fno-omit-frame-pointer -mno-omit-leaf-frame-pointer -fPIC -fPIC -I/home/bmarti44/.cache/glm53-flash/runtime/lib/python3.12/site-packages/torch/include -I/home/bmarti44/.cache/glm53-flash/runtime/lib/python3.12/site-packages/torch/include/torch/csrc/api/include -I/usr/local/cuda-13.0/include -I/home/bmarti44/.cache/glm53-flash/runtime/include -I/home/bmarti44/.local/share/uv/python/cpython-3.12.13-linux-aarch64-gnu/include/python3.12 -c -c /home/bmarti44/.cache/glm53-flash/build-source-002/exllamav3/exllamav3/exllamav3_ext/stloader.cpp -o /home/bmarti44/.cache/glm53-flash/build-source-002/exllamav3/build/temp.linux-aarch64-cpython-312/exllamav3/exllamav3_ext/stloader.o -Ofast -DTORCH_API_INCLUDE_EXTENSION_H -DTORCH_EXTENSION_NAME=exllamav3_ext -std=c++20
[127/129] c++ -MMD -MF /home/bmarti44/.cache/glm53-flash/build-source-002/exllamav3/build/temp.linux-aarch64-cpython-312/exllamav3/exllamav3_ext/sam.o.d -pthread -fno-strict-overflow -Wsign-compare -Wunreachable-code -DNDEBUG -g -O3 -Wall -O3 -fno-omit-frame-pointer -mno-omit-leaf-frame-pointer -fPIC -fPIC -I/home/bmarti44/.cache/glm53-flash/runtime/lib/python3.12/site-packages/torch/include -I/home/bmarti44/.cache/glm53-flash/runtime/lib/python3.12/site-packages/torch/include/torch/csrc/api/include -I/usr/local/cuda-13.0/include -I/home/bmarti44/.cache/glm53-flash/runtime/include -I/home/bmarti44/.local/share/uv/python/cpython-3.12.13-linux-aarch64-gnu/include/python3.12 -c -c /home/bmarti44/.cache/glm53-flash/build-source-002/exllamav3/exllamav3/exllamav3_ext/sam.cpp -o /home/bmarti44/.cache/glm53-flash/build-source-002/exllamav3/build/temp.linux-aarch64-cpython-312/exllamav3/exllamav3_ext/sam.o -Ofast -DTORCH_API_INCLUDE_EXTENSION_H -DTORCH_EXTENSION_NAME=exllamav3_ext -std=c++20
/home/bmarti44/.cache/glm53-flash/build-source-002/exllamav3/exllamav3/exllamav3_ext/sam.cpp: In member function ‘std::pair<long int, long int> BC_SAM::accept_tensor(const at::Tensor&)’:
/home/bmarti44/.cache/glm53-flash/build-source-002/exllamav3/exllamav3/exllamav3_ext/sam.cpp:94:23: warning: comparison of integer expressions of different signedness: ‘int’ and ‘size_t’ {aka ‘long unsigned int’} [-Wsign-compare]
   94 |     for (int i = 0; i < len - 1; ++i)
      |                     ~~^~~~~~~~~
[128/129] /usr/local/cuda-13.0/bin/nvcc -MD -MF /home/bmarti44/.cache/glm53-flash/build-source-002/exllamav3/build/temp.linux-aarch64-cpython-312/exllamav3/exllamav3_ext/stloader_cu.o.d -I/home/bmarti44/.cache/glm53-flash/runtime/lib/python3.12/site-packages/torch/include -I/home/bmarti44/.cache/glm53-flash/runtime/lib/python3.12/site-packages/torch/include/torch/csrc/api/include -I/usr/local/cuda-13.0/include -I/home/bmarti44/.cache/glm53-flash/runtime/include -I/home/bmarti44/.local/share/uv/python/cpython-3.12.13-linux-aarch64-gnu/include/python3.12 -c -c /home/bmarti44/.cache/glm53-flash/build-source-002/exllamav3/exllamav3/exllamav3_ext/stloader_cu.cu -o /home/bmarti44/.cache/glm53-flash/build-source-002/exllamav3/build/temp.linux-aarch64-cpython-312/exllamav3/exllamav3_ext/stloader_cu.o -D__CUDA_NO_HALF_OPERATORS__ -D__CUDA_NO_HALF_CONVERSIONS__ -D__CUDA_NO_BFLOAT16_CONVERSIONS__ -D__CUDA_NO_HALF2_OPERATORS__ --expt-relaxed-constexpr --compiler-options ''"'"'-fPIC'"'"'' -lineinfo -O3 --use_fast_math -Xcudafe --diag_suppress=177 -Xcudafe --diag_suppress=20012 -DTORCH_API_INCLUDE_EXTENSION_H -DTORCH_EXTENSION_NAME=exllamav3_ext -gencode=arch=compute_121a,code=sm_121a -std=c++20
[129/129] c++ -MMD -MF /home/bmarti44/.cache/glm53-flash/build-source-002/exllamav3/build/temp.linux-aarch64-cpython-312/exllamav3/exllamav3_ext/triton_kernel.o.d -pthread -fno-strict-overflow -Wsign-compare -Wunreachable-code -DNDEBUG -g -O3 -Wall -O3 -fno-omit-frame-pointer -mno-omit-leaf-frame-pointer -fPIC -fPIC -I/home/bmarti44/.cache/glm53-flash/runtime/lib/python3.12/site-packages/torch/include -I/home/bmarti44/.cache/glm53-flash/runtime/lib/python3.12/site-packages/torch/include/torch/csrc/api/include -I/usr/local/cuda-13.0/include -I/home/bmarti44/.cache/glm53-flash/runtime/include -I/home/bmarti44/.local/share/uv/python/cpython-3.12.13-linux-aarch64-gnu/include/python3.12 -c -c /home/bmarti44/.cache/glm53-flash/build-source-002/exllamav3/exllamav3/exllamav3_ext/triton_kernel.cpp -o /home/bmarti44/.cache/glm53-flash/build-source-002/exllamav3/build/temp.linux-aarch64-cpython-312/exllamav3/exllamav3_ext/triton_kernel.o -Ofast -DTORCH_API_INCLUDE_EXTENSION_H -DTORCH_EXTENSION_NAME=exllamav3_ext -std=c++20
warning: install_lib: byte-compiling is disabled, skipping.

Successfully built /home/bmarti44/.cache/glm53-flash/build-exllamav3-001/wheels/exllamav3-1.4.4-cp312-cp312-linux_aarch64.whl
